player,season,top10_home_games_played,top10_home_points_avg,top10_home_rebounds_avg,top10_home_assists_avg,top10_home_steals_avg,top10_home_blocks_avg,top10_home_turnovers_avg,top10_away_games_played,top10_away_points_avg,top10_away_rebounds_avg,top10_away_assists_avg,top10_away_steals_avg,top10_away_blocks_avg,top10_away_turnovers_avg,mid_home_games_played,mid_home_points_avg,mid_home_rebounds_avg,mid_home_assists_avg,mid_home_steals_avg,mid_home_blocks_avg,mid_home_turnovers_avg,mid_away_games_played,mid_away_points_avg,mid_away_rebounds_avg,mid_away_assists_avg,mid_away_steals_avg,mid_away_blocks_avg,mid_away_turnovers_avg,bottom10_home_games_played,bottom10_home_points_avg,bottom10_home_rebounds_avg,bottom10_home_assists_avg,bottom10_home_steals_avg,bottom10_home_blocks_avg,bottom10_home_turnovers_avg,bottom10_away_games_played,bottom10_away_points_avg,bottom10_away_rebounds_avg,bottom10_away_assists_avg,bottom10_away_steals_avg,bottom10_away_blocks_avg,bottom10_away_turnovers_avg
Precious Achiuwa,2023-24,16.0,8.31,6.56,1.19,0.62,1.25,0.0,13.0,5.08,4.54,1.0,0.62,0.69,0.0,15.0,9.73,7.6,1.67,0.73,1.4,0.0,10.0,9.9,7.6,2.2,0.5,0.4,0.0,13.0,7.0,7.0,1.0,0.62,0.69,0.0,7.0,4.29,6.0,0.71,0.57,0.71,0.0
Bam Adebayo,2023-24,11.0,20.73,10.91,4.09,1.09,1.64,0.0,9.0,22.44,10.44,4.0,1.11,0.89,0.0,12.0,16.17,8.42,3.67,0.83,0.33,0.0,14.0,19.71,10.71,4.36,1.43,0.43,0.0,13.0,18.85,10.46,4.0,1.08,1.23,0.0,12.0,18.5,11.33,3.33,1.25,1.17,0.0
Ochai Agbaji,2023-24,7.0,2.71,1.71,0.57,0.14,0.43,0.0,13.0,6.08,3.69,1.62,0.69,0.54,0.0,15.0,4.8,2.73,0.8,0.27,0.6,0.0,10.0,8.5,2.8,0.7,0.5,0.4,0.0,16.0,6.56,3.0,1.31,1.12,0.62,0.0,17.0,5.59,2.29,1.06,0.59,0.65,0.0
Santi Aldama,2023-24,10.0,11.8,6.6,2.8,0.7,0.9,0.0,5.0,14.6,6.4,3.0,1.4,2.2,0.0,9.0,10.67,5.0,2.11,0.78,0.56,0.0,10.0,10.5,6.1,2.7,0.8,0.6,0.0,11.0,11.36,5.73,1.82,0.55,0.55,0.0,16.0,8.56,5.31,1.81,0.5,1.06,0.0
Nickeil Alexander-Walker,2023-24,12.0,7.67,2.08,2.92,0.75,1.25,0.0,13.0,8.31,2.15,2.31,0.77,0.54,0.0,13.0,8.38,1.08,1.92,0.85,0.38,0.0,12.0,7.33,1.5,1.92,0.5,0.25,0.0,16.0,6.25,2.62,2.44,0.94,0.25,0.0,16.0,9.88,2.5,3.25,0.81,0.5,0.0
Grayson Allen,2023-24,12.0,15.58,4.25,3.92,0.92,0.67,0.0,13.0,13.77,3.31,2.54,0.85,0.31,0.0,12.0,16.58,3.58,3.25,1.25,0.75,0.0,11.0,13.0,3.82,2.55,0.64,0.55,0.0,13.0,10.92,4.0,2.85,1.15,0.85,0.0,14.0,11.71,4.57,3.07,0.71,0.5,0.0
Jarrett Allen,2023-24,12.0,19.0,11.0,3.33,0.42,0.83,0.0,13.0,16.38,9.15,2.92,0.46,0.77,0.0,14.0,17.07,10.29,2.57,0.93,0.71,0.0,14.0,16.0,11.5,2.79,0.93,1.0,0.0,12.0,15.08,11.08,2.75,0.92,1.83,0.0,12.0,15.5,10.17,2.0,0.42,1.25,0.0
Jose Alvarado,2023-24,8.0,5.12,2.0,1.0,0.5,0.25,0.0,10.0,7.9,2.6,2.4,0.9,0.2,0.0,7.0,6.86,1.29,1.86,1.14,0.14,0.0,10.0,7.5,3.1,2.6,1.0,0.3,0.0,10.0,7.5,2.0,2.5,1.5,0.5,0.0,11.0,7.18,2.36,1.91,1.18,0.18,0.0
Kyle Anderson,2023-24,11.0,8.27,3.55,4.55,1.09,0.64,0.0,13.0,7.23,4.0,4.38,0.69,0.77,0.0,12.0,5.67,2.92,4.25,0.5,0.58,0.0,12.0,6.25,3.42,4.25,1.0,0.25,0.0,16.0,6.38,3.25,3.88,0.94,0.88,0.0,15.0,5.07,3.6,4.0,1.13,0.4,0.0
Giannis Antetokounmpo,2023-24,13.0,26.08,10.54,6.77,0.85,1.38,0.0,9.0,30.11,10.44,7.11,0.89,0.56,0.0,15.0,32.27,11.67,5.87,1.33,1.0,0.0,14.0,32.21,10.5,6.43,1.71,1.07,0.0,10.0,24.8,13.4,6.3,1.1,1.4,0.0,12.0,35.75,12.83,6.92,1.08,1.0,0.0
Cole Anthony,2023-24,14.0,10.79,3.86,2.79,0.71,0.36,0.0,14.0,12.14,3.86,3.21,1.07,0.43,0.0,14.0,13.43,4.64,3.71,0.57,0.64,0.0,13.0,11.31,3.38,3.38,0.85,0.62,0.0,13.0,10.77,3.62,2.0,0.69,0.38,0.0,13.0,10.85,3.62,2.31,0.85,0.31,0.0
OG Anunoby,2023-24,9.0,18.11,3.56,2.78,1.89,0.44,0.0,9.0,11.56,3.89,1.89,1.22,1.0,0.0,9.0,13.56,4.67,2.89,1.0,0.67,0.0,10.0,14.9,3.7,2.0,0.8,0.9,0.0,7.0,14.86,4.0,0.86,2.0,0.86,0.0,6.0,15.17,5.67,2.17,1.5,0.33,0.0
Deni Avdija,2023-24,12.0,13.33,7.58,4.0,0.5,0.58,0.0,14.0,12.07,6.0,3.29,0.71,0.29,0.0,15.0,14.73,7.6,3.67,1.13,0.47,0.0,14.0,15.64,6.36,4.07,0.71,0.5,0.0,10.0,16.7,7.1,4.0,0.7,0.6,0.0,10.0,16.6,9.1,4.0,1.0,0.5,0.0
Deandre Ayton,2023-24,13.0,14.85,9.92,1.31,1.23,0.62,0.0,10.0,15.1,8.9,2.0,1.0,0.7,0.0,9.0,20.33,13.67,1.11,0.67,0.89,0.0,7.0,17.57,14.43,1.71,0.71,0.71,0.0,7.0,17.29,11.43,2.0,1.0,0.71,0.0,9.0,16.56,9.67,1.89,1.33,1.0,0.0
Marvin Bagley III,2023-24,13.0,11.38,6.23,0.69,0.46,0.38,0.0,6.0,9.0,6.0,2.17,0.83,0.83,0.0,4.0,13.25,8.25,0.75,0.0,0.75,0.0,11.0,12.0,5.64,1.09,0.27,0.82,0.0,7.0,12.86,6.14,1.14,0.29,0.71,0.0,9.0,11.78,6.33,1.11,0.44,0.67,0.0
Patrick Baldwin Jr.,2023-24,6.0,1.83,2.33,1.0,0.17,0.33,0.0,7.0,7.14,3.57,0.71,0.71,0.14,0.0,7.0,4.43,3.29,0.57,0.29,0.71,0.0,6.0,5.33,5.0,1.17,0.83,0.67,0.0,9.0,4.56,2.0,0.67,0.33,0.11,0.0,3.0,1.0,4.33,0.33,0.67,0.67,0.0
LaMelo Ball,2023-24,3.0,33.67,6.67,8.0,2.0,0.33,0.0,2.0,19.5,8.0,9.0,3.0,0.0,0.0,2.0,24.5,5.5,9.5,1.0,0.0,0.0,4.0,20.0,5.0,8.0,1.0,0.5,0.0,6.0,23.17,4.5,8.83,1.83,0.17,0.0,5.0,23.6,3.8,6.0,2.2,0.0,0.0
Mo Bamba,2023-24,8.0,2.12,2.88,1.38,0.38,0.75,0.0,8.0,9.12,6.12,1.0,0.38,1.0,0.0,12.0,3.17,4.42,0.5,0.58,1.17,0.0,10.0,4.8,4.4,0.9,0.3,0.8,0.0,10.0,3.1,3.6,0.2,0.0,1.0,0.0,9.0,5.11,3.67,0.56,0.67,1.56,0.0
Paolo Banchero,2023-24,14.0,19.57,7.79,5.14,0.64,0.79,0.0,14.0,25.43,7.71,5.36,1.14,0.64,0.0,14.0,24.0,6.5,4.93,1.0,0.43,0.0,13.0,24.77,6.54,4.23,1.15,0.77,0.0,12.0,20.42,6.08,6.67,0.58,0.25,0.0,13.0,20.85,6.77,6.15,0.77,0.62,0.0
Desmond Bane,2023-24,7.0,20.43,3.57,5.14,1.14,0.71,0.0,4.0,16.25,2.0,2.25,0.75,0.25,0.0,6.0,23.83,4.5,5.83,1.0,0.0,0.0,6.0,28.0,5.83,5.0,1.17,0.67,0.0,6.0,22.83,5.5,7.17,1.0,0.33,0.0,13.0,26.23,4.38,5.92,1.0,0.77,0.0
Dalano Banton,2023-24,9.0,7.22,2.22,1.78,0.33,0.22,0.0,8.0,11.62,4.38,2.88,0.88,0.38,0.0,14.0,8.5,2.5,1.5,0.5,0.14,0.0,10.0,9.9,2.5,2.6,1.3,0.4,0.0,8.0,12.25,4.12,2.5,0.25,0.62,0.0,5.0,16.6,6.0,4.2,0.2,0.8,0.0
Dominick Barlow,2023-24,6.0,5.17,3.33,1.17,0.5,0.67,0.0,6.0,6.0,5.0,1.33,0.33,0.33,0.0,6.0,3.5,3.33,1.5,0.67,0.83,0.0,6.0,4.33,2.17,0.5,0.33,0.17,0.0,4.0,2.0,2.5,1.25,0.0,0.0,0.0,5.0,4.4,4.0,0.8,0.2,0.4,0.0
Harrison Barnes,2023-24,13.0,11.62,3.62,1.38,0.46,0.08,0.0,14.0,16.21,3.07,1.07,0.64,0.21,0.0,11.0,12.55,3.45,1.73,0.82,0.0,0.0,11.0,11.09,2.45,1.27,0.73,0.09,0.0,17.0,12.0,2.94,1.24,0.71,0.29,0.0,16.0,9.88,2.75,0.75,0.62,0.12,0.0
Scottie Barnes,2023-24,14.0,20.36,9.07,5.79,0.79,1.57,0.0,8.0,17.0,5.62,5.12,0.75,1.62,0.0,9.0,24.0,9.44,6.22,1.67,1.56,0.0,14.0,18.43,7.57,7.21,1.29,1.43,0.0,7.0,16.71,9.43,5.57,1.86,1.14,0.0,8.0,22.38,8.12,5.62,1.5,1.38,0.0
RJ Barrett,2023-24,10.0,21.1,6.7,1.9,0.3,0.2,0.0,11.0,20.64,6.55,2.91,0.64,0.36,0.0,10.0,22.7,5.2,3.8,0.9,0.3,0.0,10.0,19.8,4.6,3.7,0.4,0.3,0.0,9.0,17.67,4.44,4.33,0.33,0.44,0.0,8.0,18.5,4.75,3.5,0.62,0.75,0.0
Charles Bassey,2023-24,3.0,1.67,4.0,1.0,0.33,0.67,0.0,2.0,4.5,3.0,2.0,0.0,1.0,0.0,6.0,1.33,3.5,0.83,0.17,1.0,0.0,3.0,7.33,4.0,1.0,1.67,1.0,0.0,1.0,0.0,3.0,0.0,0.0,0.0,0.0,4.0,4.75,5.5,1.5,0.25,1.0,0.0
Emoni Bates,2023-24,3.0,1.0,0.67,0.33,0.33,0.0,0.0,2.0,4.5,0.0,0.5,0.0,0.0,0.0,4.0,4.0,2.25,1.0,0.0,0.25,0.0,2.0,1.5,0.5,1.5,0.0,0.5,0.0,3.0,3.33,0.33,0.33,0.0,0.0,0.0,1.0,0.0,1.0,0.0,0.0,0.0,0.0
Nicolas Batum,2023-24,8.0,4.75,3.88,1.38,1.0,0.88,0.0,8.0,4.88,3.62,2.38,0.5,0.75,0.0,11.0,6.36,4.55,2.18,0.55,0.82,0.0,11.0,6.0,4.27,2.0,0.91,0.55,0.0,11.0,4.36,4.0,2.55,1.36,0.55,0.0,11.0,5.36,4.27,2.18,0.45,0.36,0.0
Bradley Beal,2023-24,9.0,17.44,5.0,5.22,1.22,0.33,0.0,8.0,21.25,4.88,6.0,1.62,0.5,0.0,11.0,15.45,3.09,4.27,0.64,0.91,0.0,9.0,16.0,5.22,5.22,0.78,0.44,0.0,7.0,20.71,3.71,3.57,0.57,0.57,0.0,9.0,19.78,4.56,5.67,1.11,0.22,0.0
Malik Beasley,2023-24,12.0,9.08,3.33,1.42,1.0,0.08,0.0,11.0,10.27,3.82,1.27,0.82,0.36,0.0,18.0,10.89,3.78,1.78,0.78,0.06,0.0,16.0,12.69,3.25,1.25,0.62,0.0,0.0,9.0,12.22,5.0,1.22,1.0,0.22,0.0,13.0,12.15,3.31,1.08,0.38,0.08,0.0
MarJon Beauchamp,2023-24,6.0,3.33,1.67,0.5,0.5,0.17,0.0,7.0,1.43,1.57,0.43,0.14,0.0,0.0,11.0,6.09,2.64,0.73,0.18,0.27,0.0,11.0,4.36,1.82,0.36,0.27,0.0,0.0,8.0,4.0,1.75,0.62,0.25,0.12,0.0,5.0,6.8,3.0,1.6,0.4,0.4,0.0
Saddiq Bey,2023-24,9.0,13.33,7.0,1.0,0.56,0.33,0.0,12.0,13.83,7.67,1.5,0.83,0.08,0.0,12.0,14.42,5.75,2.0,0.5,0.08,0.0,10.0,12.1,6.7,1.5,1.1,0.2,0.0,11.0,14.73,5.64,1.27,1.09,0.18,0.0,9.0,13.44,6.44,1.33,0.78,0.22,0.0
Goga Bitadze,2023-24,11.0,4.09,5.09,1.27,0.45,1.36,0.0,8.0,5.88,5.5,1.0,0.75,0.88,0.0,11.0,6.36,4.82,1.27,0.55,1.27,0.0,11.0,4.36,5.18,1.73,0.64,1.45,0.0,12.0,4.33,2.92,1.08,0.25,1.08,0.0,9.0,5.44,4.56,1.22,0.56,0.78,0.0
Bismack Biyombo,2023-24,7.0,6.57,6.14,1.14,0.57,0.57,0.0,3.0,1.33,1.67,0.33,0.33,0.33,0.0,4.0,2.5,4.25,0.5,0.0,1.0,0.0,5.0,5.8,6.6,2.8,0.6,0.8,0.0,6.0,4.33,4.67,0.5,0.17,1.17,0.0,15.0,3.93,5.53,1.67,0.13,1.13,0.0
Anthony Black,2023-24,13.0,3.46,1.23,1.77,0.69,0.31,0.0,12.0,4.67,2.17,1.25,0.5,0.17,0.0,11.0,3.45,2.18,1.36,0.73,0.18,0.0,11.0,6.09,2.91,1.18,0.09,0.36,0.0,12.0,4.42,1.92,1.5,0.25,0.58,0.0,10.0,5.7,1.8,0.7,0.8,0.2,0.0
Bogdan Bogdanović,2023-24,14.0,19.36,3.43,3.5,1.29,0.21,0.0,13.0,17.31,3.85,2.38,1.0,0.54,0.0,14.0,18.43,3.21,3.57,1.21,0.29,0.0,14.0,15.64,3.71,3.43,1.57,0.21,0.0,12.0,15.67,3.0,3.0,1.17,0.33,0.0,12.0,14.33,3.42,2.75,1.0,0.42,0.0
Bol Bol,2023-24,9.0,6.0,3.22,0.33,0.33,1.0,0.0,7.0,4.14,2.86,0.43,0.0,0.29,0.0,7.0,4.86,2.57,0.57,0.43,0.14,0.0,4.0,1.25,1.0,0.0,0.0,0.25,0.0,7.0,6.71,4.29,0.43,0.0,0.71,0.0,9.0,6.0,4.0,0.44,0.44,0.78,0.0
Devin Booker,2023-24,10.0,26.9,4.5,8.3,1.3,0.2,0.0,11.0,26.27,5.27,7.64,0.82,0.55,0.0,12.0,24.33,3.83,7.0,1.08,0.17,0.0,12.0,30.83,4.33,5.92,0.67,0.67,0.0,10.0,24.2,4.6,7.0,0.8,0.3,0.0,13.0,29.15,4.69,6.15,0.77,0.54,0.0
Brandon Boston,2023-24,8.0,5.5,2.0,0.25,0.12,0.38,0.0,4.0,0.75,0.75,0.0,0.0,0.25,0.0,3.0,1.0,0.67,0.67,0.0,0.0,0.0,4.0,5.5,1.5,0.0,0.0,0.0,0.0,5.0,10.4,2.6,1.0,1.2,0.2,0.0,8.0,5.38,1.5,0.5,0.5,0.38,0.0
Chris Boucher,2023-24,12.0,4.42,4.42,0.25,0.25,0.25,0.0,7.0,6.86,4.71,0.57,0.29,0.29,0.0,8.0,7.0,3.5,0.5,0.5,0.75,0.0,11.0,6.82,3.18,0.18,0.09,0.36,0.0,5.0,5.4,4.2,0.8,0.2,1.0,0.0,7.0,9.0,5.29,0.86,0.43,0.57,0.0
Jamaree Bouyea,2023-24,1.0,2.0,2.0,0.0,0.0,0.0,0.0,2.0,2.0,0.5,0.0,0.0,0.0,0.0,0.0,0.0,0.0,0.0,0.0,0.0,0.0,0.0,0.0,0.0,0.0,0.0,0.0,0.0,3.0,2.33,3.33,2.33,0.0,0.0,0.0,3.0,2.67,2.0,1.33,0.33,0.0,0.0
Malaki Branham,2023-24,11.0,7.0,1.73,2.09,0.27,0.18,0.0,14.0,10.36,1.71,1.36,0.36,0.07,0.0,13.0,9.23,2.23,2.46,0.38,0.15,0.0,12.0,9.92,1.75,2.0,0.33,0.0,0.0,11.0,8.45,2.0,2.64,0.36,0.18,0.0,14.0,9.71,2.36,2.07,0.43,0.07,0.0
Christian Braun,2023-24,13.0,7.46,4.0,1.62,0.38,0.31,0.0,13.0,7.54,3.69,1.31,0.77,0.31,0.0,12.0,6.25,3.25,1.17,0.42,0.33,0.0,13.0,7.77,3.85,1.23,0.31,0.54,0.0,16.0,6.12,3.31,1.56,0.44,0.44,0.0,15.0,8.73,4.27,2.6,0.73,0.6,0.0
Mikal Bridges,2023-24,15.0,20.47,4.33,3.93,1.13,0.4,0.0,14.0,17.0,4.36,3.29,0.79,0.0,0.0,15.0,21.67,5.33,3.87,1.53,0.53,0.0,16.0,19.38,4.06,3.81,0.56,0.31,0.0,11.0,21.0,5.09,2.91,1.0,0.55,0.0,11.0,17.73,4.09,3.91,0.91,0.45,0.0
Miles Bridges,2023-24,13.0,19.46,8.08,3.62,1.0,0.54,0.0,13.0,19.31,7.23,3.08,0.92,0.15,0.0,14.0,23.29,7.29,4.36,1.14,0.79,0.0,11.0,20.73,6.18,2.82,1.09,0.82,0.0,8.0,25.12,7.75,2.75,0.75,0.25,0.0,10.0,19.0,7.4,3.0,0.6,0.2,0.0
Oshae Brissett,2023-24,6.0,3.33,3.5,0.83,0.83,0.17,0.0,6.0,4.5,2.0,0.67,0.17,0.0,0.0,12.0,3.08,2.67,0.58,0.25,0.08,0.0,11.0,4.09,3.55,0.73,0.18,0.09,0.0,12.0,3.33,2.42,0.83,0.42,0.25,0.0,8.0,4.0,3.38,1.25,0.38,0.25,0.0
Malcolm Brogdon,2023-24,7.0,16.71,4.29,7.14,1.0,0.14,0.0,8.0,13.62,4.5,6.62,1.25,0.5,0.0,5.0,18.4,5.4,4.2,0.8,0.2,0.0,7.0,11.57,2.0,3.29,0.14,0.0,0.0,5.0,18.6,3.6,5.4,0.8,0.0,0.0,7.0,17.29,3.29,5.71,0.14,0.29,0.0
Dillon Brooks,2023-24,11.0,12.36,3.45,1.73,1.0,0.0,0.0,13.0,13.62,4.0,1.23,1.08,0.0,0.0,12.0,14.25,3.83,1.58,0.92,0.08,0.0,10.0,15.3,2.0,1.6,0.9,0.4,0.0,12.0,10.25,3.42,2.0,0.58,0.08,0.0,14.0,11.07,3.5,1.79,0.86,0.29,0.0
Bruce Brown,2023-24,10.0,10.5,4.6,2.6,1.0,0.2,0.0,14.0,12.0,4.86,2.93,0.64,0.29,0.0,15.0,10.8,4.53,3.2,0.67,0.13,0.0,9.0,11.22,3.0,2.67,1.0,0.56,0.0,12.0,10.92,3.83,2.92,1.08,0.08,0.0,7.0,8.43,4.14,2.57,1.14,0.43,0.0
Jaylen Brown,2023-24,11.0,23.82,4.73,3.0,1.64,0.45,0.0,10.0,20.1,6.7,3.7,1.3,0.4,0.0,14.0,21.64,5.5,3.86,0.57,0.57,0.0,14.0,24.64,4.71,3.0,0.93,0.71,0.0,10.0,24.6,6.5,4.1,1.1,0.7,0.0,11.0,23.0,5.45,3.82,1.82,0.27,0.0
Kobe Brown,2023-24,11.0,3.0,2.0,0.91,0.45,0.0,0.0,5.0,0.2,1.4,0.6,0.0,0.2,0.0,8.0,2.75,1.5,0.38,0.25,0.25,0.0,5.0,2.0,0.8,0.2,0.0,0.0,0.0,9.0,2.33,1.56,0.78,0.56,0.33,0.0,6.0,0.33,0.5,0.17,0.0,0.0,0.0
Moses Brown,2023-24,3.0,2.0,1.33,0.0,0.0,0.67,0.0,3.0,3.0,1.33,0.67,0.0,0.33,0.0,3.0,3.0,6.67,0.67,0.33,0.33,0.0,5.0,6.0,4.8,0.4,0.6,0.4,0.0,5.0,3.6,5.2,0.0,0.2,0.0,0.0,3.0,1.0,2.67,0.33,0.0,0.33,0.0
Jalen Brunson,2023-24,14.0,25.86,3.43,7.14,0.79,0.21,0.0,15.0,26.47,3.33,5.73,0.8,0.13,0.0,11.0,28.09,3.45,6.36,1.18,0.0,0.0,14.0,30.14,3.64,6.93,0.86,0.21,0.0,12.0,30.08,3.67,8.17,0.92,0.17,0.0,11.0,32.82,4.27,6.18,1.0,0.27,0.0
Thomas Bryant,2023-24,5.0,6.0,3.8,1.0,0.2,0.0,0.0,7.0,6.57,5.14,0.57,0.57,0.57,0.0,6.0,6.5,4.67,0.5,0.0,0.33,0.0,6.0,3.0,1.5,0.67,0.0,0.17,0.0,7.0,9.0,4.86,0.57,0.57,1.0,0.0,7.0,3.0,2.14,0.43,0.14,0.29,0.0
Kobe Bufkin,2023-24,3.0,3.67,2.0,2.67,1.0,0.0,0.0,3.0,3.67,2.67,1.0,0.0,0.0,0.0,2.0,6.5,1.5,2.0,0.5,1.0,0.0,4.0,4.0,1.5,1.0,0.25,0.25,0.0,3.0,5.0,1.67,0.67,0.67,0.67,0.0,2.0,7.5,2.5,3.0,0.0,0.0,0.0
Alec Burks,2023-24,11.0,7.91,2.45,1.45,0.45,0.09,0.0,14.0,10.07,2.79,1.14,0.36,0.21,0.0,12.0,12.0,1.33,1.0,0.67,0.17,0.0,11.0,11.91,3.0,1.36,0.27,0.18,0.0,12.0,8.75,2.17,1.17,0.42,0.25,0.0,6.0,13.5,1.5,2.5,0.33,0.17,0.0
Jared Butler,2023-24,8.0,5.38,1.25,3.12,0.25,0.0,0.0,7.0,8.43,1.43,3.29,0.86,0.29,0.0,7.0,7.57,0.86,3.0,1.0,0.14,0.0,7.0,6.14,1.43,3.71,0.86,0.43,0.0,6.0,7.33,2.17,4.33,1.33,0.33,0.0,5.0,1.8,1.8,1.0,0.0,0.0,0.0
Jimmy Butler III,2023-24,8.0,18.75,4.0,4.25,0.88,0.25,0.0,7.0,15.86,4.14,3.86,1.43,0.71,0.0,13.0,22.31,5.69,5.38,1.0,0.0,0.0,12.0,21.92,4.5,5.42,1.5,0.08,0.0,11.0,21.82,6.55,5.27,1.64,0.45,0.0,9.0,21.33,6.33,4.89,1.44,0.44,0.0
Jamal Cain,2023-24,4.0,3.25,1.75,0.5,0.0,0.25,0.0,6.0,6.0,2.67,0.33,1.0,0.0,0.0,6.0,2.83,0.67,0.17,0.33,0.33,0.0,2.0,4.5,1.5,0.5,0.5,0.5,0.0,2.0,2.5,0.5,2.0,0.0,0.5,0.0,6.0,2.83,1.0,0.0,0.17,0.0,0.0
Kentavious Caldwell-Pope,2023-24,13.0,11.38,2.38,2.23,0.92,0.54,0.0,13.0,8.46,2.38,2.0,1.38,0.62,0.0,11.0,9.73,2.45,2.73,1.36,0.36,0.0,12.0,8.67,2.58,1.83,1.0,0.83,0.0,14.0,11.93,2.0,2.5,1.14,0.57,0.0,13.0,10.0,2.69,3.15,1.92,0.38,0.0
Toumani Camara,2023-24,14.0,9.86,4.71,2.21,0.86,0.36,0.0,12.0,9.08,4.83,0.67,0.92,0.83,0.0,12.0,6.08,4.5,1.67,0.58,0.08,0.0,10.0,6.6,4.2,1.2,0.9,0.6,0.0,11.0,6.36,6.0,0.64,1.09,0.18,0.0,11.0,6.45,5.18,0.82,1.36,0.82,0.0
Clint Capela,2023-24,13.0,11.0,10.62,1.62,0.46,1.62,0.0,12.0,11.67,11.92,1.83,0.58,1.17,0.0,12.0,10.92,7.75,1.0,0.5,1.0,0.0,12.0,11.83,10.92,1.33,0.58,1.58,0.0,12.0,12.08,12.42,0.5,0.58,1.92,0.0,12.0,11.25,10.17,1.17,0.83,1.42,0.0
Jevon Carter,2023-24,12.0,5.92,0.75,1.17,0.67,0.17,0.0,13.0,6.69,0.92,1.08,0.62,0.23,0.0,14.0,3.43,0.79,1.21,0.5,0.14,0.0,11.0,3.64,0.64,1.36,0.36,0.27,0.0,11.0,4.45,0.82,1.27,0.27,0.27,0.0,11.0,5.64,1.09,1.82,0.64,0.27,0.0
Wendell Carter Jr.,2023-24,9.0,11.0,7.22,0.89,0.78,0.33,0.0,9.0,11.33,5.33,1.33,0.33,0.56,0.0,8.0,7.62,7.38,2.0,0.62,0.62,0.0,11.0,11.73,7.45,2.0,0.55,0.55,0.0,9.0,13.11,7.22,2.22,1.22,0.78,0.0,9.0,10.44,6.89,1.89,0.33,0.22,0.0
D.J. Carton,2023-24,1.0,5.0,0.0,2.0,0.0,0.0,0.0,0.0,0.0,0.0,0.0,0.0,0.0,0.0,1.0,2.0,1.0,1.0,0.0,0.0,0.0,0.0,0.0,0.0,0.0,0.0,0.0,0.0,2.0,2.0,1.5,0.0,0.5,0.0,0.0,0.0,0.0,0.0,0.0,0.0,0.0,0.0
Alex Caruso,2023-24,12.0,10.25,3.08,3.25,1.17,1.0,0.0,11.0,9.0,2.73,2.91,1.91,0.82,0.0,14.0,11.43,5.07,3.64,1.64,1.0,0.0,12.0,9.75,4.0,3.92,2.0,1.25,0.0,11.0,9.82,3.82,2.91,1.91,0.82,0.0,11.0,9.82,4.09,4.18,1.55,1.0,0.0
Colin Castleton,2023-24,3.0,2.0,0.67,0.0,0.33,0.0,0.0,2.0,1.0,0.0,0.0,0.0,0.0,0.0,0.0,0.0,0.0,0.0,0.0,0.0,0.0,3.0,0.67,0.33,0.0,0.0,0.0,0.0,2.0,2.0,1.0,0.0,0.0,0.0,0.0,6.0,1.67,1.17,0.5,0.17,0.0,0.0
Julian Champagnie,2023-24,12.0,7.83,3.25,1.75,0.75,0.5,0.0,14.0,9.07,3.5,1.5,0.79,0.43,0.0,10.0,6.4,2.5,1.3,0.4,0.4,0.0,12.0,6.25,2.25,0.92,0.33,0.42,0.0,13.0,5.23,2.0,1.54,0.62,0.69,0.0,13.0,5.85,3.08,1.31,0.92,0.92,0.0
Justin Champagnie,2023-24,1.0,14.0,8.0,1.0,2.0,0.0,0.0,2.0,8.0,3.5,1.5,1.0,0.5,0.0,3.0,0.67,2.0,0.67,0.0,0.33,0.0,4.0,5.25,3.0,1.75,0.5,1.5,0.0,3.0,10.67,6.67,2.0,1.0,0.0,0.0,2.0,2.0,0.0,0.0,0.5,0.5,0.0
Max Christie,2023-24,12.0,3.67,1.83,0.67,0.33,0.08,0.0,10.0,4.9,1.7,1.6,0.4,0.1,0.0,11.0,5.36,2.64,0.82,0.27,0.36,0.0,11.0,3.55,1.64,0.55,0.18,0.45,0.0,11.0,4.91,2.36,1.0,0.18,0.18,0.0,12.0,3.25,2.5,0.83,0.42,0.33,0.0
Sidy Cissoko,2023-24,3.0,4.0,2.0,0.0,0.33,0.0,0.0,2.0,5.0,2.0,1.0,0.5,0.5,0.0,2.0,0.0,0.0,0.0,0.0,0.0,0.0,2.0,1.0,1.5,0.0,1.0,0.0,0.0,1.0,7.0,4.0,5.0,3.0,2.0,0.0,2.0,7.0,2.5,1.5,0.0,0.0,0.0
Brandon Clarke,2023-24,1.0,6.0,8.0,2.0,1.0,0.0,0.0,1.0,14.0,7.0,3.0,0.0,2.0,0.0,0.0,0.0,0.0,0.0,0.0,0.0,0.0,1.0,13.0,4.0,3.0,1.0,1.0,0.0,2.0,10.0,3.0,0.5,1.0,0.5,0.0,1.0,15.0,7.0,0.0,1.0,2.0,0.0
Jordan Clarkson,2023-24,8.0,17.5,2.88,5.5,0.38,0.12,0.0,8.0,14.38,3.5,4.38,1.0,0.25,0.0,10.0,15.6,4.4,5.8,0.8,0.0,0.0,7.0,15.14,2.14,5.0,0.71,0.14,0.0,11.0,24.45,4.0,5.36,0.82,0.09,0.0,11.0,14.18,3.09,4.18,0.18,0.09,0.0
Nic Claxton,2023-24,12.0,12.08,9.0,2.17,0.42,2.67,0.0,12.0,12.75,8.83,2.0,0.5,1.58,0.0,12.0,10.67,10.75,2.0,0.5,2.75,0.0,13.0,9.92,9.62,2.38,0.54,1.62,0.0,11.0,12.55,10.27,2.27,1.09,1.73,0.0,11.0,13.45,11.36,1.55,0.91,2.0,0.0
Noah Clowney,2023-24,4.0,6.0,2.75,1.0,0.0,0.25,0.0,4.0,5.25,2.25,1.25,0.25,0.25,0.0,5.0,8.8,5.6,0.6,0.4,1.6,0.0,5.0,4.0,3.0,0.8,0.4,0.2,0.0,3.0,7.67,4.0,0.0,0.33,1.33,0.0,2.0,0.5,3.0,1.0,1.0,0.5,0.0
Amir Coffey,2023-24,12.0,9.42,3.25,1.42,0.33,0.25,0.0,11.0,6.64,2.09,0.82,1.0,0.36,0.0,10.0,1.9,1.9,0.5,0.2,0.1,0.0,11.0,5.09,1.73,1.18,0.36,0.18,0.0,12.0,8.42,1.75,1.25,0.67,0.25,0.0,14.0,7.21,1.93,1.21,0.86,0.07,0.0
John Collins,2023-24,9.0,13.44,7.22,1.78,0.67,0.67,0.0,11.0,16.0,6.45,1.0,0.45,0.82,0.0,11.0,15.45,10.64,1.18,0.64,0.91,0.0,8.0,12.88,8.62,0.88,0.25,0.38,0.0,16.0,16.94,8.69,1.06,0.81,1.5,0.0,13.0,14.31,8.77,1.0,0.54,0.69,0.0
Zach Collins,2023-24,11.0,11.36,5.91,2.73,0.27,1.0,0.0,12.0,9.25,5.33,3.25,0.33,0.58,0.0,9.0,14.22,5.89,3.56,0.78,0.67,0.0,11.0,11.55,5.73,3.36,0.45,1.18,0.0,13.0,10.15,4.46,2.31,0.85,0.46,0.0,13.0,11.77,5.15,2.0,0.31,0.69,0.0
Mike Conley,2023-24,12.0,11.42,2.92,6.0,1.67,0.08,0.0,12.0,14.92,2.83,6.0,0.58,0.08,0.0,11.0,8.91,3.27,6.91,1.36,0.27,0.0,12.0,10.33,3.17,6.0,1.0,0.17,0.0,16.0,12.56,2.38,5.75,1.38,0.31,0.0,13.0,10.0,2.85,5.0,0.92,0.38,0.0
Pat Connaughton,2023-24,13.0,5.46,2.92,3.15,0.69,0.38,0.0,11.0,5.36,2.91,1.27,0.36,0.55,0.0,13.0,6.23,3.69,2.38,0.92,0.23,0.0,15.0,4.73,3.6,1.4,0.47,0.13,0.0,11.0,4.27,2.36,2.64,0.55,0.18,0.0,13.0,7.62,3.15,1.92,0.15,0.08,0.0
Bilal Coulibaly,2023-24,11.0,7.0,2.45,1.36,1.0,0.73,0.0,11.0,10.27,4.64,2.0,1.18,1.18,0.0,12.0,8.92,4.17,1.92,0.5,0.83,0.0,13.0,7.85,4.62,1.77,0.92,0.77,0.0,6.0,6.83,4.17,1.5,0.17,0.67,0.0,10.0,9.2,4.3,1.8,1.4,0.3,0.0
Ricky Council IV,2023-24,5.0,7.2,1.4,0.6,0.0,0.0,0.0,5.0,6.6,1.8,0.6,0.2,0.0,0.0,6.0,2.33,0.83,0.17,0.0,0.0,0.0,7.0,4.14,0.43,0.14,0.14,0.14,0.0,5.0,2.6,1.6,0.4,0.2,0.0,0.0,4.0,12.0,3.5,1.5,1.25,0.0,0.0
Torrey Craig,2023-24,7.0,6.0,4.29,1.57,0.86,0.71,0.0,10.0,6.0,4.4,0.9,0.3,0.4,0.0,11.0,5.18,3.0,0.36,0.36,0.18,0.0,9.0,4.67,3.89,1.44,0.78,0.44,0.0,8.0,5.88,4.5,2.0,0.75,0.25,0.0,8.0,6.88,4.88,0.62,0.5,0.5,0.0
Jae Crowder,2023-24,9.0,7.33,3.22,1.33,0.67,0.22,0.0,8.0,5.12,3.88,1.38,1.0,0.12,0.0,8.0,6.5,3.88,2.0,0.25,0.25,0.0,10.0,4.8,2.0,1.0,1.0,0.2,0.0,6.0,9.0,3.0,1.17,1.0,0.0,0.0,9.0,5.67,3.56,1.11,0.67,0.22,0.0
Cade Cunningham,2023-24,12.0,21.42,4.75,8.42,1.42,0.42,0.0,12.0,23.42,3.83,6.5,0.83,0.5,0.0,11.0,22.18,5.0,8.82,1.09,0.0,0.0,12.0,23.75,3.83,6.58,0.75,0.5,0.0,7.0,27.14,5.0,7.14,0.57,0.43,0.0,8.0,18.5,3.62,7.38,0.5,0.25,0.0
Seth Curry,2023-24,7.0,8.43,2.14,1.0,1.29,0.14,0.0,11.0,5.45,2.0,1.82,0.36,0.27,0.0,7.0,6.14,1.14,0.57,0.14,0.0,0.0,1.0,3.0,0.0,0.0,0.0,0.0,0.0,8.0,3.62,1.25,0.88,0.25,0.25,0.0,10.0,3.2,1.3,0.6,0.6,0.0,0.0
Stephen Curry,2023-24,9.0,27.11,4.22,4.56,0.56,0.56,0.0,11.0,19.73,3.36,5.36,0.91,0.36,0.0,13.0,23.92,4.46,5.23,0.69,0.31,0.0,12.0,30.17,5.25,5.5,0.5,0.25,0.0,14.0,30.43,4.21,4.14,0.71,0.36,0.0,15.0,26.4,5.0,5.8,0.93,0.47,0.0
Dyson Daniels,2023-24,10.0,5.6,3.4,2.9,1.5,0.3,0.0,12.0,5.0,3.83,2.75,1.83,0.58,0.0,10.0,7.0,3.7,3.4,1.6,0.2,0.0,9.0,6.67,3.67,2.67,1.22,0.44,0.0,10.0,4.7,3.5,1.9,0.9,0.3,0.0,10.0,6.1,5.1,2.5,1.2,0.6,0.0
Anthony Davis,2023-24,13.0,23.08,12.38,3.92,1.62,2.92,0.0,12.0,26.42,13.17,4.0,0.92,2.58,0.0,13.0,24.23,12.23,3.85,1.08,1.92,0.0,11.0,24.09,13.45,3.18,0.73,2.27,0.0,15.0,24.6,12.33,3.53,1.13,2.27,0.0,12.0,25.83,12.5,2.42,1.67,2.08,0.0
Johnny Davis,2023-24,9.0,2.44,1.89,0.33,0.11,0.22,0.0,11.0,4.09,1.91,0.45,0.36,0.0,0.0,11.0,3.91,1.36,0.82,0.36,0.27,0.0,9.0,2.44,0.78,0.89,0.67,0.22,0.0,6.0,2.33,0.5,1.0,0.5,0.33,0.0,4.0,1.5,2.25,0.25,0.0,0.25,0.0
JD Davison,2023-24,0.0,0.0,0.0,0.0,0.0,0.0,0.0,1.0,0.0,0.0,0.0,0.0,0.0,0.0,1.0,7.0,4.0,7.0,0.0,1.0,0.0,1.0,0.0,1.0,0.0,0.0,0.0,0.0,2.0,1.5,2.0,1.0,0.5,0.0,0.0,3.0,2.0,0.33,0.33,0.0,0.0,0.0
DeMar DeRozan,2023-24,13.0,23.23,5.08,5.92,1.15,0.54,0.0,14.0,22.71,4.21,5.43,0.71,0.57,0.0,14.0,24.5,4.0,4.71,1.57,0.43,0.0,14.0,25.71,4.43,5.07,1.07,0.5,0.0,12.0,23.25,3.58,5.33,0.92,1.08,0.0,12.0,24.58,4.5,5.58,1.42,0.33,0.0
Donte DiVincenzo,2023-24,14.0,14.36,3.71,2.64,1.36,0.57,0.0,16.0,14.12,3.38,2.94,1.56,0.31,0.0,14.0,15.79,3.86,3.07,0.93,0.57,0.0,13.0,18.08,3.31,2.62,1.54,0.62,0.0,13.0,17.54,3.69,2.77,1.23,0.46,0.0,11.0,13.45,4.18,1.73,1.27,0.09,0.0
Moussa Diabaté,2023-24,2.0,1.0,2.0,0.0,0.0,0.0,0.0,1.0,2.0,0.0,0.0,0.0,0.0,0.0,2.0,1.5,1.5,1.0,0.5,0.0,0.0,2.0,7.5,4.5,0.0,0.0,0.0,0.0,3.0,1.33,2.0,0.67,1.0,0.33,0.0,1.0,3.0,2.0,0.0,1.0,0.0,0.0
Gradey Dick,2023-24,10.0,7.6,0.9,1.5,0.6,0.0,0.0,9.0,7.67,2.44,1.33,0.78,0.0,0.0,9.0,8.0,1.89,0.78,0.44,0.11,0.0,11.0,7.55,1.91,1.45,0.36,0.0,0.0,11.0,9.64,3.0,0.55,0.64,0.0,0.0,10.0,10.4,3.0,1.2,0.6,0.1,0.0
Ousmane Dieng,2023-24,10.0,3.4,1.8,1.2,0.1,0.0,0.0,4.0,2.5,1.25,0.75,0.25,0.25,0.0,7.0,5.43,1.57,1.29,0.57,0.43,0.0,6.0,3.33,0.83,1.17,0.17,0.17,0.0,4.0,6.5,2.25,1.5,0.25,0.0,0.0,2.0,2.5,1.5,0.0,0.0,0.0,0.0
Spencer Dinwiddie,2023-24,18.0,8.28,2.28,3.61,0.61,0.22,0.0,12.0,9.67,3.42,5.5,0.58,0.5,0.0,12.0,14.17,3.17,4.92,0.67,0.17,0.0,11.0,11.82,2.18,5.36,0.55,0.45,0.0,11.0,10.18,2.36,5.09,0.91,0.36,0.0,12.0,9.83,2.92,4.25,0.75,0.08,0.0
Luka Dončić,2023-24,12.0,35.08,8.83,9.08,1.67,0.17,0.0,13.0,32.62,9.69,9.85,0.77,0.46,0.0,10.0,30.6,9.2,10.1,1.7,0.5,0.0,10.0,35.4,8.6,9.2,1.7,0.6,0.0,12.0,36.33,9.33,10.83,1.17,0.83,0.0,13.0,33.0,9.62,9.69,1.62,0.69,0.0
Luguentz Dort,2023-24,14.0,11.86,3.86,1.07,0.93,0.86,0.0,13.0,10.77,4.15,1.31,0.77,0.46,0.0,13.0,13.69,3.62,2.23,0.77,0.77,0.0,12.0,11.42,3.33,1.92,0.92,0.42,0.0,12.0,9.0,3.08,1.17,1.08,0.67,0.0,15.0,8.73,3.47,1.0,1.0,0.4,0.0
Ayo Dosunmu,2023-24,14.0,10.36,3.14,3.14,0.64,0.43,0.0,13.0,10.23,2.77,3.08,0.69,0.31,0.0,14.0,12.43,4.07,3.07,0.79,0.43,0.0,13.0,12.62,2.08,3.38,0.92,0.92,0.0,11.0,13.45,2.18,3.64,1.27,0.18,0.0,11.0,14.55,2.55,2.82,1.18,0.55,0.0
Jeff Dowtin Jr.,2023-24,1.0,10.0,3.0,6.0,3.0,1.0,0.0,1.0,11.0,5.0,2.0,0.0,0.0,0.0,1.0,0.0,0.0,0.0,0.0,0.0,0.0,3.0,1.0,2.0,1.33,0.0,0.0,0.0,3.0,5.33,0.67,2.67,0.67,0.0,0.0,3.0,4.0,1.33,2.33,0.67,0.0,0.0
Andre Drummond,2023-24,14.0,9.57,10.57,0.57,0.93,1.29,0.0,14.0,7.57,9.29,0.21,0.86,0.5,0.0,15.0,9.07,10.73,0.53,1.2,0.6,0.0,13.0,7.62,7.46,0.23,0.69,0.15,0.0,12.0,9.33,7.58,0.75,1.08,0.5,0.0,11.0,6.91,7.36,0.55,0.73,0.55,0.0
Chris Duarte,2023-24,11.0,3.18,1.36,0.64,0.64,0.09,0.0,10.0,4.5,2.4,0.4,0.3,0.2,0.0,9.0,4.67,2.0,0.67,0.44,0.11,0.0,8.0,5.88,2.62,1.62,0.62,0.12,0.0,11.0,1.82,1.09,0.36,0.36,0.0,0.0,10.0,4.1,1.6,1.0,0.5,0.3,0.0
David Duke Jr.,2023-24,1.0,2.0,0.0,0.0,0.0,0.0,0.0,1.0,3.0,0.0,1.0,0.0,0.0,0.0,0.0,0.0,0.0,0.0,0.0,0.0,0.0,0.0,0.0,0.0,0.0,0.0,0.0,0.0,1.0,15.0,3.0,0.0,1.0,0.0,0.0,1.0,6.0,7.0,4.0,1.0,0.0,0.0
Kris Dunn,2023-24,11.0,4.27,2.91,3.91,1.45,0.45,0.0,7.0,2.14,2.86,3.43,0.86,0.71,0.0,9.0,6.67,2.33,4.56,0.89,0.33,0.0,12.0,6.5,3.75,4.42,0.58,0.33,0.0,12.0,5.5,2.25,2.83,1.5,0.67,0.0,15.0,6.07,2.93,3.93,0.87,0.2,0.0
Kevin Durant,2023-24,12.0,29.08,6.83,5.58,0.83,1.33,0.0,12.0,26.5,8.25,4.92,0.92,1.67,0.0,11.0,28.18,5.45,4.73,0.82,1.36,0.0,12.0,23.58,6.83,4.75,0.92,0.83,0.0,13.0,26.92,5.85,5.0,0.54,1.23,0.0,15.0,28.13,6.4,5.2,1.4,0.93,0.0
Jalen Duren,2023-24,10.0,11.4,9.6,1.4,0.3,0.8,0.0,12.0,14.0,10.58,2.42,0.08,0.58,0.0,12.0,16.17,11.92,2.67,0.42,0.67,0.0,10.0,12.9,12.2,3.0,0.9,0.8,0.0,9.0,13.56,13.33,3.11,0.89,1.0,0.0,8.0,14.25,12.62,1.75,0.88,0.88,0.0
Tari Eason,2023-24,5.0,11.2,7.4,1.6,1.4,0.8,0.0,5.0,8.6,6.4,1.2,1.6,0.8,0.0,1.0,16.0,8.0,1.0,2.0,0.0,0.0,2.0,11.5,7.0,0.0,0.5,2.0,0.0,6.0,10.17,7.67,1.67,1.67,0.83,0.0,3.0,5.33,5.33,0.67,1.0,0.67,0.0
Anthony Edwards,2023-24,11.0,27.45,6.36,5.64,0.91,0.09,0.0,13.0,24.85,5.15,5.08,1.31,0.69,0.0,13.0,24.15,5.15,4.92,1.54,0.38,0.0,11.0,29.0,7.0,5.18,1.18,0.64,0.0,16.0,24.19,5.0,4.56,1.31,0.88,0.0,15.0,26.93,4.6,5.53,1.33,0.4,0.0
Kessler Edwards,2023-24,9.0,1.78,0.56,0.0,0.11,0.0,0.0,9.0,2.33,0.78,0.22,0.22,0.0,0.0,5.0,1.8,0.8,0.0,0.2,0.0,0.0,8.0,2.0,1.12,0.62,0.38,0.25,0.0,12.0,1.25,0.67,0.25,0.08,0.08,0.0,11.0,1.45,0.82,0.45,0.18,0.09,0.0
Keon Ellis,2023-24,11.0,3.73,2.27,2.45,0.64,0.82,0.0,8.0,1.0,1.25,1.25,0.5,0.12,0.0,5.0,6.8,4.0,0.8,1.2,0.2,0.0,6.0,7.0,2.33,2.33,1.33,0.67,0.0,14.0,8.14,2.43,1.21,1.36,0.64,0.0,13.0,5.46,1.62,1.0,0.54,0.38,0.0
Joel Embiid,2023-24,5.0,34.2,10.2,5.8,1.2,2.2,0.0,4.0,24.25,7.5,3.0,0.75,1.0,0.0,9.0,34.0,12.67,6.44,1.0,2.0,0.0,6.0,34.67,9.17,4.83,1.33,1.17,0.0,10.0,38.0,11.7,5.8,1.6,1.8,0.0,5.0,38.2,12.6,6.6,0.8,1.6,0.0
Drew Eubanks,2023-24,14.0,6.14,4.93,0.64,0.43,0.79,0.0,12.0,5.58,3.92,0.92,0.33,0.83,0.0,11.0,5.0,4.27,0.64,0.45,0.55,0.0,12.0,3.42,4.5,0.75,0.17,0.58,0.0,14.0,5.21,4.29,0.86,0.36,0.71,0.0,12.0,4.75,3.75,1.25,0.42,1.42,0.0
Tosan Evbuomwan,2023-24,4.0,6.75,3.5,1.0,0.25,0.25,0.0,4.0,6.25,5.0,1.5,0.5,0.25,0.0,2.0,5.5,2.0,0.0,0.0,0.5,0.0,4.0,4.5,2.25,0.75,0.25,0.25,0.0,1.0,7.0,7.0,1.0,0.0,1.0,0.0,2.0,6.5,3.0,1.0,1.0,0.0,0.0
Danté Exum,2023-24,9.0,8.22,3.0,4.22,0.67,0.0,0.0,12.0,6.83,1.83,2.92,0.25,0.08,0.0,8.0,5.75,3.12,1.88,0.62,0.0,0.0,7.0,4.71,3.43,3.0,0.29,0.0,0.0,7.0,11.43,3.57,2.29,0.43,0.43,0.0,12.0,9.42,2.17,2.67,0.25,0.08,0.0
Bruno Fernando,2023-24,9.0,7.11,3.78,1.22,0.44,0.67,0.0,9.0,6.11,4.56,0.89,0.44,0.33,0.0,7.0,8.57,4.14,0.86,0.57,0.43,0.0,9.0,6.0,4.33,1.0,0.56,0.56,0.0,4.0,4.25,5.75,1.5,1.0,1.5,0.0,7.0,4.57,3.86,0.86,0.57,0.71,0.0
Dorian Finney-Smith,2023-24,11.0,10.09,5.0,2.09,0.18,0.55,0.0,10.0,8.0,4.1,1.6,0.3,0.4,0.0,11.0,9.09,4.45,2.09,1.0,0.73,0.0,15.0,9.2,4.87,1.27,0.73,0.67,0.0,10.0,7.3,4.3,1.4,1.1,0.5,0.0,11.0,7.09,5.09,1.09,1.64,0.45,0.0
Adam Flagler,2023-24,0.0,0.0,0.0,0.0,0.0,0.0,0.0,0.0,0.0,0.0,0.0,0.0,0.0,0.0,0.0,0.0,0.0,0.0,0.0,0.0,0.0,0.0,0.0,0.0,0.0,0.0,0.0,0.0,2.0,1.5,0.0,2.0,0.0,0.0,0.0,0.0,0.0,0.0,0.0,0.0,0.0,0.0
Malachi Flynn,2023-24,15.0,3.53,1.07,1.87,0.4,0.13,0.0,11.0,6.55,2.0,1.64,0.82,0.09,0.0,12.0,3.67,1.5,2.0,0.17,0.17,0.0,13.0,10.69,2.46,2.62,1.08,0.23,0.0,9.0,4.78,1.56,1.11,0.56,0.0,0.0,9.0,3.22,1.33,1.78,0.22,0.0,0.0
Simone Fontecchio,2023-24,8.0,10.25,4.0,1.38,0.75,0.38,0.0,9.0,9.89,4.22,2.22,0.89,0.11,0.0,11.0,13.0,3.82,1.55,0.73,0.36,0.0,12.0,10.58,3.17,1.25,0.5,0.25,0.0,12.0,6.5,3.92,2.0,0.67,0.42,0.0,14.0,12.36,3.5,1.0,0.57,0.5,0.0
De'Aaron Fox,2023-24,12.0,26.58,5.25,7.67,2.58,0.58,0.0,11.0,25.91,4.55,4.91,1.45,0.36,0.0,11.0,22.36,4.27,5.55,1.27,0.36,0.0,11.0,27.91,4.36,4.91,3.0,0.45,0.0,15.0,25.67,4.4,6.0,1.93,0.53,0.0,14.0,30.29,4.71,4.79,1.93,0.21,0.0
Markelle Fultz,2023-24,7.0,6.86,2.0,2.43,0.86,0.57,0.0,6.0,7.67,2.33,3.33,1.33,0.67,0.0,7.0,6.14,3.57,2.43,0.71,0.14,0.0,7.0,7.71,3.57,2.14,0.86,0.29,0.0,9.0,8.22,4.0,3.11,1.44,0.11,0.0,7.0,10.0,3.43,3.29,0.57,0.43,0.0
Daniel Gafford,2023-24,14.0,12.07,8.14,1.71,0.93,2.14,0.0,11.0,8.55,5.64,2.0,0.55,1.82,0.0,12.0,10.0,8.5,1.58,1.25,2.33,0.0,15.0,11.67,7.0,1.4,0.73,2.13,0.0,11.0,10.0,7.09,1.0,0.45,1.55,0.0,11.0,13.27,9.18,1.64,1.36,2.36,0.0
Darius Garland,2023-24,9.0,20.56,2.44,8.22,0.56,0.22,0.0,11.0,16.73,3.09,6.0,1.82,0.09,0.0,10.0,16.8,2.3,7.3,0.8,0.0,0.0,9.0,18.89,3.44,7.11,1.56,0.11,0.0,6.0,18.67,1.83,4.33,1.0,0.0,0.0,12.0,17.42,2.58,5.83,1.75,0.25,0.0
Luka Garza,2023-24,3.0,4.0,2.33,0.0,0.67,0.33,0.0,7.0,2.43,0.86,0.29,0.14,0.0,0.0,2.0,12.0,1.5,0.5,0.5,0.0,0.0,1.0,2.0,1.0,0.0,0.0,0.0,0.0,5.0,4.2,1.0,0.0,0.0,0.0,0.0,7.0,3.29,1.29,0.14,0.0,0.0,0.0
Keyonte George,2023-24,12.0,15.17,3.17,3.92,0.5,0.25,0.0,12.0,15.08,2.92,3.83,0.08,0.08,0.0,11.0,11.45,2.27,3.64,0.55,0.0,0.0,11.0,12.09,1.91,5.0,0.27,0.09,0.0,16.0,12.19,3.25,5.19,0.81,0.12,0.0,13.0,12.08,3.08,4.69,0.54,0.0,0.0
Paul George,2023-24,14.0,21.29,5.14,3.21,1.0,0.5,0.0,14.0,22.0,4.93,3.0,1.57,0.43,0.0,9.0,23.78,5.44,4.67,1.78,0.67,0.0,10.0,20.2,4.1,3.5,1.3,0.4,0.0,12.0,23.08,5.75,3.58,1.75,0.25,0.0,15.0,24.8,5.87,3.67,1.8,0.73,0.0
Taj Gibson,2023-24,5.0,0.8,1.0,1.0,0.0,0.6,0.0,1.0,3.0,2.0,0.0,1.0,0.0,0.0,2.0,0.0,3.5,1.0,0.0,0.0,0.0,5.0,2.8,2.4,0.6,0.4,0.4,0.0,0.0,0.0,0.0,0.0,0.0,0.0,0.0,7.0,1.86,1.57,0.14,0.0,0.29,0.0
Josh Giddey,2023-24,14.0,12.0,7.36,5.36,0.71,0.36,0.0,14.0,11.36,6.21,3.36,0.5,0.29,0.0,13.0,10.92,5.54,3.92,0.46,0.77,0.0,12.0,13.0,6.08,6.17,0.58,0.33,0.0,12.0,17.33,7.67,5.17,0.5,0.92,0.0,15.0,10.2,5.8,5.13,1.0,0.67,0.0
Shai Gilgeous-Alexander,2023-24,14.0,31.0,5.57,6.14,2.0,0.57,0.0,12.0,28.92,4.83,5.33,2.08,1.0,0.0,13.0,31.77,6.15,7.31,2.0,1.62,0.0,10.0,27.5,5.4,6.6,1.6,1.0,0.0,11.0,29.27,5.91,6.18,2.18,0.18,0.0,15.0,30.87,5.33,5.73,2.07,0.93,0.0
Anthony Gill,2023-24,8.0,6.0,2.38,0.62,0.12,0.0,0.0,11.0,5.18,2.64,0.55,0.09,0.82,0.0,10.0,3.2,1.1,0.4,0.4,0.1,0.0,6.0,1.33,1.5,0.83,0.0,0.0,0.0,8.0,5.25,2.88,1.38,0.75,0.12,0.0,7.0,0.29,0.43,0.43,0.14,0.0,0.0
Collin Gillespie,2023-24,4.0,2.25,1.25,2.0,0.5,0.0,0.0,3.0,4.67,0.67,1.0,0.67,0.0,0.0,3.0,2.67,1.67,1.0,0.67,0.0,0.0,1.0,3.0,1.0,1.0,0.0,0.0,0.0,8.0,2.25,0.25,0.5,0.38,0.0,0.0,5.0,7.0,1.2,1.6,0.8,0.0,0.0
Rudy Gobert,2023-24,11.0,12.18,12.36,1.36,0.27,2.36,0.0,10.0,12.2,12.7,2.0,1.0,2.4,0.0,13.0,15.62,12.54,1.08,0.38,2.31,0.0,12.0,14.92,13.58,1.25,1.08,2.08,0.0,15.0,15.47,14.67,1.33,0.67,2.33,0.0,15.0,12.73,11.53,1.2,0.73,1.47,0.0
Jordan Goodwin,2023-24,11.0,6.91,3.82,2.27,0.91,0.18,0.0,7.0,6.14,5.29,3.86,1.14,0.29,0.0,6.0,5.0,2.33,3.5,0.33,0.33,0.0,8.0,7.5,3.75,1.62,0.5,0.12,0.0,15.0,7.6,5.73,3.2,1.13,0.53,0.0,10.0,4.5,4.4,2.1,0.7,0.3,0.0
Aaron Gordon,2023-24,11.0,13.0,7.09,3.73,1.18,0.27,0.0,12.0,13.42,6.25,3.17,0.75,0.83,0.0,11.0,17.36,7.0,4.0,0.64,0.27,0.0,12.0,13.5,6.0,2.67,0.58,0.67,0.0,13.0,13.85,5.54,3.38,0.62,0.31,0.0,14.0,12.57,6.93,4.29,0.86,1.21,0.0
Eric Gordon,2023-24,11.0,9.27,1.82,2.27,0.82,0.27,0.0,10.0,13.1,2.1,2.2,1.2,1.0,0.0,11.0,13.36,1.91,1.82,1.27,0.45,0.0,12.0,10.08,1.42,1.58,0.58,0.33,0.0,9.0,12.0,1.44,2.44,1.0,0.44,0.0,15.0,9.33,2.0,2.07,1.0,0.27,0.0
Jerami Grant,2023-24,12.0,22.5,3.75,3.42,1.25,0.33,0.0,9.0,14.67,2.0,1.89,1.0,0.56,0.0,6.0,21.83,4.0,2.67,0.83,0.67,0.0,7.0,22.29,4.14,2.0,0.57,1.29,0.0,10.0,25.9,4.6,3.6,0.5,0.3,0.0,10.0,18.4,2.9,2.8,0.7,0.9,0.0
AJ Green,2023-24,10.0,8.6,1.8,1.0,0.3,0.3,0.0,7.0,3.43,1.29,0.43,0.14,0.0,0.0,14.0,4.86,1.21,0.57,0.21,0.0,0.0,10.0,2.8,0.8,0.6,0.0,0.1,0.0,9.0,3.89,0.89,0.11,0.22,0.0,0.0,6.0,1.83,0.67,0.33,0.0,0.0,0.0
Draymond Green,2023-24,8.0,7.25,6.0,4.62,0.62,0.62,0.0,9.0,10.56,7.11,5.22,1.44,0.89,0.0,10.0,9.2,7.3,6.4,1.5,1.1,0.0,9.0,7.89,7.78,4.33,0.67,0.89,0.0,6.0,8.0,9.17,8.17,1.0,1.17,0.0,13.0,8.54,6.77,7.38,0.77,0.62,0.0
Jalen Green,2023-24,14.0,20.57,5.43,3.71,0.93,0.29,0.0,14.0,16.07,4.07,4.21,0.21,0.43,0.0,12.0,15.92,3.83,3.33,1.08,0.25,0.0,12.0,18.92,5.33,4.08,0.83,0.33,0.0,15.0,22.67,5.4,2.93,0.8,0.47,0.0,15.0,22.6,6.6,3.13,1.0,0.27,0.0
Javonte Green,2023-24,0.0,0.0,0.0,0.0,0.0,0.0,0.0,1.0,3.0,6.0,1.0,0.0,1.0,0.0,3.0,13.0,9.67,0.67,0.67,0.67,0.0,2.0,13.0,8.0,1.0,1.5,1.5,0.0,0.0,0.0,0.0,0.0,0.0,0.0,0.0,3.0,14.0,5.33,0.0,1.67,0.67,0.0
Jeff Green,2023-24,13.0,8.62,2.46,0.85,0.31,0.77,0.0,14.0,8.57,2.64,1.0,0.14,0.5,0.0,11.0,4.73,2.09,0.27,0.27,0.27,0.0,12.0,6.67,2.75,1.33,0.25,0.42,0.0,14.0,4.36,2.0,0.79,0.14,0.29,0.0,14.0,6.0,1.79,1.07,0.14,0.14,0.0
Josh Green,2023-24,9.0,7.78,4.67,2.0,0.89,0.33,0.0,11.0,8.91,2.64,2.36,0.91,0.0,0.0,9.0,7.11,2.11,2.56,0.67,0.33,0.0,7.0,9.43,3.57,2.0,0.57,0.14,0.0,12.0,8.67,3.92,2.58,1.08,0.17,0.0,9.0,7.44,2.44,2.0,0.67,0.0,0.0
Quentin Grimes,2023-24,10.0,7.8,2.4,0.9,0.6,0.0,0.0,9.0,7.89,2.22,1.33,0.67,0.11,0.0,10.0,7.0,1.9,1.5,0.8,0.2,0.0,9.0,6.89,1.56,1.44,0.44,0.33,0.0,6.0,6.5,2.17,1.5,0.83,0.0,0.0,7.0,5.57,1.43,1.14,0.86,0.14,0.0
Mouhamed Gueye,2023-24,1.0,0.0,0.0,0.0,0.0,0.0,0.0,3.0,0.67,2.0,0.33,0.67,0.0,0.0,1.0,3.0,7.0,3.0,1.0,1.0,0.0,1.0,19.0,9.0,0.0,2.0,3.0,0.0,0.0,0.0,0.0,0.0,0.0,0.0,0.0,0.0,0.0,0.0,0.0,0.0,0.0,0.0
Rui Hachimura,2023-24,12.0,15.33,4.92,1.17,0.08,0.42,0.0,11.0,16.18,5.27,0.91,0.36,0.55,0.0,9.0,12.22,2.89,0.78,0.89,0.22,0.0,11.0,11.91,3.55,1.09,0.64,0.09,0.0,13.0,11.15,3.38,1.15,0.77,0.38,0.0,12.0,14.58,5.67,1.92,0.92,0.5,0.0
Tyrese Haliburton,2023-24,11.0,18.0,4.36,10.73,1.18,0.73,0.0,11.0,24.82,4.91,12.27,1.27,0.73,0.0,14.0,18.86,3.07,12.07,1.43,0.57,0.0,12.0,20.75,4.08,9.92,1.0,0.75,0.0,11.0,21.09,3.36,9.73,1.09,0.73,0.0,10.0,17.3,4.0,10.4,1.2,0.7,0.0
Tim Hardaway Jr.,2023-24,13.0,10.15,2.38,1.31,0.15,0.0,0.0,14.0,11.57,3.07,1.71,0.57,0.14,0.0,11.0,19.09,3.27,2.0,0.73,0.0,0.0,10.0,13.8,3.2,2.2,0.4,0.2,0.0,15.0,16.53,2.87,1.6,0.67,0.13,0.0,16.0,15.56,4.31,1.88,0.62,0.0,0.0
James Harden,2023-24,16.0,15.56,4.06,9.06,0.88,0.81,0.0,13.0,15.46,5.15,8.54,0.69,0.85,0.0,9.0,14.44,5.56,8.78,1.11,0.67,0.0,10.0,18.4,5.6,8.0,1.8,0.5,0.0,11.0,19.82,5.55,8.36,1.0,1.09,0.0,13.0,16.15,5.38,8.23,1.15,0.77,0.0
Jaden Hardy,2023-24,11.0,4.36,1.55,1.64,0.09,0.0,0.0,14.0,8.71,1.21,1.29,0.21,0.07,0.0,11.0,8.55,2.27,2.0,0.27,0.09,0.0,8.0,6.12,1.25,0.88,0.5,0.0,0.0,15.0,8.73,2.67,1.47,0.4,0.13,0.0,14.0,6.14,1.57,1.57,0.36,0.0,0.0
Ron Harper Jr.,2023-24,0.0,0.0,0.0,0.0,0.0,0.0,0.0,0.0,0.0,0.0,0.0,0.0,0.0,0.0,0.0,0.0,0.0,0.0,0.0,0.0,0.0,0.0,0.0,0.0,0.0,0.0,0.0,0.0,1.0,0.0,0.0,1.0,0.0,0.0,0.0,0.0,0.0,0.0,0.0,0.0,0.0,0.0
Gary Harris,2023-24,6.0,4.67,2.33,1.5,1.17,0.33,0.0,10.0,5.2,1.1,1.8,0.7,0.2,0.0,8.0,5.0,1.25,1.25,0.88,0.0,0.0,10.0,9.5,1.5,1.7,1.4,0.3,0.0,11.0,8.82,2.09,1.73,1.0,0.55,0.0,9.0,6.67,2.0,1.56,0.33,0.11,0.0
Tobias Harris,2023-24,9.0,14.78,6.44,2.78,0.78,0.78,0.0,9.0,19.89,5.89,3.0,1.11,0.44,0.0,15.0,18.53,6.87,3.67,1.2,0.73,0.0,14.0,18.5,6.64,2.86,0.93,0.71,0.0,12.0,15.83,6.42,3.17,0.83,0.58,0.0,11.0,15.0,6.27,2.91,1.09,0.64,0.0
Josh Hart,2023-24,14.0,10.36,9.71,4.5,0.86,0.29,0.0,16.0,8.38,8.62,4.81,1.12,0.31,0.0,14.0,12.43,7.57,4.71,0.71,0.43,0.0,14.0,7.21,6.57,3.21,0.79,0.14,0.0,12.0,10.17,9.5,3.83,1.17,0.17,0.0,11.0,7.73,8.09,3.09,0.91,0.36,0.0
Isaiah Hartenstein,2023-24,13.0,7.31,8.0,2.38,1.0,0.77,0.0,16.0,8.81,7.69,2.62,1.0,1.31,0.0,13.0,7.08,8.77,2.85,1.0,1.23,0.0,13.0,8.38,7.0,2.15,1.46,1.08,0.0,11.0,8.36,9.73,2.73,1.55,1.18,0.0,9.0,5.89,9.67,2.22,1.0,1.22,0.0
Sam Hauser,2023-24,11.0,7.18,3.09,0.64,0.18,0.45,0.0,12.0,8.83,3.0,0.83,0.75,0.5,0.0,16.0,9.12,4.69,1.44,0.5,0.25,0.0,16.0,8.81,3.25,1.0,0.38,0.31,0.0,12.0,10.33,3.08,1.25,0.58,0.08,0.0,12.0,9.67,3.5,0.92,0.67,0.33,0.0
Jordan Hawkins,2023-24,10.0,7.7,2.3,1.5,0.3,0.2,0.0,12.0,9.92,2.5,1.17,0.25,0.0,0.0,12.0,11.08,2.75,1.0,0.25,0.0,0.0,11.0,8.18,1.91,0.91,0.36,0.18,0.0,11.0,5.27,1.09,0.73,0.09,0.27,0.0,11.0,4.27,2.64,1.0,0.45,0.0,0.0
Jaxson Hayes,2023-24,13.0,7.46,4.31,0.38,0.77,0.85,0.0,10.0,6.5,3.9,0.8,0.6,0.5,0.0,10.0,3.2,2.5,0.2,0.2,0.3,0.0,12.0,3.08,2.5,0.83,0.5,0.17,0.0,14.0,3.14,3.07,0.36,0.5,0.36,0.0,11.0,2.55,1.64,0.27,0.27,0.27,0.0
Killian Hayes,2023-24,9.0,9.67,2.78,5.11,1.22,0.33,0.0,9.0,4.56,2.56,3.67,0.89,0.44,0.0,6.0,5.0,2.83,5.83,0.83,0.33,0.0,6.0,11.0,3.5,4.33,0.5,0.5,0.0,8.0,4.12,2.75,5.0,0.75,0.88,0.0,4.0,8.0,2.75,6.25,0.75,0.25,0.0
Scoot Henderson,2023-24,10.0,15.9,2.3,6.6,0.9,0.1,0.0,11.0,13.09,3.27,4.45,0.82,0.18,0.0,11.0,11.82,2.82,4.73,0.73,0.27,0.0,11.0,13.64,3.73,6.27,0.82,0.18,0.0,8.0,18.62,4.5,7.0,0.88,0.25,0.0,11.0,12.36,2.45,4.0,0.55,0.27,0.0
Taylor Hendricks,2023-24,7.0,6.71,4.43,0.57,1.0,0.71,0.0,3.0,11.33,8.0,1.67,1.0,1.33,0.0,7.0,5.0,4.43,0.57,0.57,0.71,0.0,8.0,9.38,4.0,0.62,0.88,0.25,0.0,8.0,6.5,4.38,1.25,0.62,0.88,0.0,7.0,7.0,4.57,0.57,0.29,1.0,0.0
Tyler Herro,2023-24,5.0,21.6,4.6,4.0,0.8,0.2,0.0,8.0,23.0,5.38,4.38,0.62,0.12,0.0,8.0,19.88,5.88,4.88,0.5,0.0,0.0,7.0,20.0,4.71,3.71,0.43,0.0,0.0,8.0,22.25,5.0,5.25,1.38,0.0,0.0,6.0,17.67,6.0,4.33,0.5,0.17,0.0
Buddy Hield,2023-24,15.0,12.4,2.8,2.53,1.0,0.47,0.0,20.0,9.2,3.2,2.65,0.95,0.35,0.0,16.0,15.06,3.19,3.0,0.62,0.62,0.0,12.0,12.0,3.75,2.67,0.42,0.83,0.0,11.0,11.45,3.09,2.82,0.73,0.27,0.0,10.0,13.2,3.3,3.4,1.3,0.5,0.0
Haywood Highsmith,2023-24,9.0,7.89,3.56,1.11,1.33,0.44,0.0,8.0,7.75,3.38,1.25,1.12,1.0,0.0,14.0,4.43,3.14,0.86,0.5,0.14,0.0,13.0,7.31,3.85,1.69,1.54,0.62,0.0,11.0,7.18,2.55,0.82,0.36,0.27,0.0,11.0,3.27,2.64,0.64,0.09,0.45,0.0
Aaron Holiday,2023-24,13.0,6.0,1.23,1.85,0.62,0.15,0.0,14.0,6.5,1.71,1.36,0.79,0.07,0.0,11.0,9.36,2.45,1.27,0.55,0.0,0.0,12.0,6.42,1.5,2.33,0.5,0.08,0.0,14.0,6.43,1.64,2.14,0.43,0.0,0.0,14.0,5.36,1.07,1.79,0.36,0.14,0.0
Jrue Holiday,2023-24,11.0,11.0,5.36,3.64,0.82,0.82,0.0,12.0,12.67,5.92,4.33,0.92,0.5,0.0,13.0,11.85,4.69,4.38,0.85,1.0,0.0,14.0,13.43,5.64,5.36,0.93,0.93,0.0,11.0,12.91,5.45,4.91,0.64,0.36,0.0,8.0,12.88,5.38,6.88,1.25,1.0,0.0
Richaun Holmes,2023-24,7.0,3.86,3.14,0.57,0.14,0.57,0.0,6.0,2.5,3.33,0.83,0.17,0.5,0.0,8.0,7.5,6.5,0.75,0.5,0.5,0.0,6.0,6.17,5.5,0.83,0.33,1.0,0.0,6.0,3.83,4.17,0.33,0.17,0.17,0.0,7.0,5.29,4.29,0.43,0.29,0.14,0.0
Chet Holmgren,2023-24,15.0,18.2,7.0,2.67,0.47,2.67,0.0,14.0,18.43,8.14,2.57,0.64,2.86,0.0,13.0,16.69,8.31,2.62,0.85,2.31,0.0,12.0,12.67,7.92,1.5,0.67,1.92,0.0,13.0,15.23,7.92,1.92,0.85,2.08,0.0,15.0,17.27,8.2,3.13,0.47,2.0,0.0
Jalen Hood-Schifino,2023-24,1.0,0.0,2.0,0.0,0.0,0.0,0.0,3.0,1.67,0.33,0.67,0.0,0.0,0.0,2.0,1.0,0.0,0.5,0.5,0.0,0.0,2.0,1.0,0.0,0.0,0.0,0.0,0.0,9.0,1.11,0.89,0.33,0.11,0.11,0.0,4.0,3.75,0.5,0.5,0.25,0.25,0.0
Al Horford,2023-24,11.0,8.09,6.82,3.0,0.64,0.64,0.0,9.0,6.56,6.0,2.67,0.22,1.33,0.0,12.0,8.17,6.92,2.58,0.58,1.33,0.0,14.0,9.07,6.79,2.5,0.36,0.64,0.0,9.0,10.44,5.22,2.0,1.0,0.78,0.0,10.0,9.5,5.9,2.7,0.8,1.1,0.0
Talen Horton-Tucker,2023-24,7.0,10.43,2.14,2.43,1.14,0.14,0.0,9.0,10.56,2.78,3.67,0.78,0.44,0.0,7.0,10.86,2.14,5.43,1.14,1.0,0.0,7.0,10.29,3.14,3.0,0.86,0.29,0.0,11.0,11.0,2.64,4.09,0.73,0.27,0.0,10.0,7.9,1.5,2.3,0.8,0.2,0.0
Caleb Houstan,2023-24,10.0,4.7,2.2,0.6,0.2,0.3,0.0,9.0,4.0,1.56,0.67,0.0,0.11,0.0,11.0,5.45,1.36,0.64,0.27,0.0,0.0,11.0,4.91,1.0,0.27,0.55,0.0,0.0,11.0,3.27,1.64,0.45,0.18,0.0,0.0,7.0,2.86,0.57,0.29,0.29,0.0,0.0
Jett Howard,2023-24,4.0,2.25,0.5,0.25,0.25,0.25,0.0,3.0,2.0,0.33,0.33,0.33,0.0,0.0,3.0,1.0,0.33,0.0,0.0,0.0,0.0,2.0,1.0,0.5,0.5,0.0,0.0,0.0,4.0,2.25,0.5,0.5,0.0,0.0,0.0,2.0,0.0,0.0,0.5,0.0,0.5,0.0
Kevin Huerter,2023-24,11.0,10.36,3.36,2.09,0.36,0.18,0.0,12.0,11.33,4.83,2.83,0.83,0.33,0.0,8.0,8.38,3.0,2.62,0.38,0.25,0.0,7.0,9.57,3.0,2.71,0.29,0.29,0.0,13.0,12.54,3.54,2.77,1.0,0.69,0.0,13.0,8.31,2.92,2.54,1.0,0.31,0.0
Jay Huff,2023-24,5.0,0.4,0.2,0.2,0.0,0.2,0.0,3.0,1.33,1.0,0.33,0.33,0.33,0.0,2.0,3.5,1.0,0.0,0.0,0.5,0.0,3.0,2.0,0.67,0.0,0.0,0.0,0.0,5.0,0.8,0.6,0.0,0.2,0.0,0.0,2.0,0.0,0.0,0.0,0.0,0.0,0.0
De'Andre Hunter,2023-24,10.0,15.9,5.2,1.4,0.7,0.3,0.0,12.0,17.0,2.58,1.25,1.0,0.08,0.0,8.0,17.5,4.75,1.62,0.5,0.38,0.0,8.0,13.88,2.88,1.62,0.5,0.25,0.0,8.0,17.25,5.88,1.88,0.5,0.5,0.0,11.0,12.64,2.82,1.55,0.82,0.27,0.0
Bones Hyland,2023-24,5.0,9.4,2.0,3.6,0.8,0.2,0.0,5.0,3.8,0.8,1.6,0.6,0.0,0.0,6.0,6.33,0.67,1.0,0.67,0.0,0.0,6.0,6.83,2.0,3.83,1.17,0.0,0.0,4.0,18.5,1.75,5.0,1.0,0.25,0.0,11.0,3.36,1.64,1.64,0.36,0.18,0.0
Joe Ingles,2023-24,11.0,6.0,2.36,3.18,0.27,0.09,0.0,10.0,5.2,1.4,2.6,0.6,0.0,0.0,12.0,4.17,2.33,3.08,0.75,0.17,0.0,12.0,2.92,1.83,3.25,0.67,0.0,0.0,13.0,4.69,2.38,3.54,0.69,0.0,0.0,10.0,3.2,2.1,2.0,0.8,0.2,0.0
Brandon Ingram,2023-24,9.0,23.11,4.44,5.78,1.11,0.78,0.0,13.0,20.08,4.92,5.23,0.62,0.31,0.0,12.0,24.25,5.75,5.5,1.0,0.25,0.0,12.0,18.33,5.33,5.92,0.75,0.33,0.0,9.0,17.0,4.89,6.11,0.78,1.22,0.0,9.0,22.11,4.78,5.67,0.44,1.22,0.0
Kyrie Irving,2023-24,11.0,24.27,6.09,5.64,2.0,0.64,0.0,9.0,25.11,4.0,4.56,1.44,0.67,0.0,7.0,26.14,4.43,4.71,0.71,0.29,0.0,9.0,23.0,4.56,4.89,1.22,0.56,0.0,11.0,30.36,6.64,5.27,1.0,0.64,0.0,11.0,24.55,3.82,5.55,1.09,0.09,0.0
Jonathan Isaac,2023-24,9.0,8.0,4.78,0.67,0.89,1.11,0.0,10.0,5.0,4.6,0.4,0.7,1.2,0.0,9.0,9.0,5.56,0.44,0.56,1.56,0.0,11.0,6.55,4.18,0.36,0.73,1.18,0.0,10.0,6.3,3.3,0.6,0.5,1.2,0.0,9.0,6.11,4.67,0.67,1.11,1.0,0.0
Jaden Ivey,2023-24,13.0,16.08,3.31,4.08,0.69,0.62,0.0,13.0,15.85,3.62,3.62,0.46,0.54,0.0,14.0,14.79,3.21,4.21,1.14,0.36,0.0,16.0,13.94,2.75,3.12,0.56,0.25,0.0,10.0,15.7,4.0,4.2,1.1,0.8,0.0,11.0,16.64,4.09,4.09,0.55,0.82,0.0
GG Jackson,2023-24,6.0,20.33,5.17,1.33,1.0,1.0,0.0,9.0,15.89,5.0,1.33,0.56,0.11,0.0,8.0,13.12,4.0,0.88,0.25,0.25,0.0,8.0,12.5,3.25,1.0,1.12,0.62,0.0,11.0,14.45,3.55,1.18,0.55,0.55,0.0,6.0,11.67,3.83,1.83,0.0,0.67,0.0
Isaiah Jackson,2023-24,10.0,3.7,2.4,0.6,0.3,0.8,0.0,11.0,7.91,4.64,1.18,0.82,1.09,0.0,9.0,5.22,2.89,0.67,0.67,0.56,0.0,12.0,5.92,4.25,0.92,0.67,1.42,0.0,11.0,6.0,2.64,0.36,0.09,1.18,0.0,7.0,10.71,8.14,1.43,1.0,0.86,0.0
Quenton Jackson,2023-24,0.0,0.0,0.0,0.0,0.0,0.0,0.0,0.0,0.0,0.0,0.0,0.0,0.0,0.0,1.0,0.0,1.0,2.0,1.0,0.0,0.0,1.0,2.0,2.0,0.0,0.0,0.0,0.0,1.0,0.0,1.0,0.0,0.0,0.0,0.0,0.0,0.0,0.0,0.0,0.0,0.0,0.0
Reggie Jackson,2023-24,13.0,9.08,2.08,3.85,0.38,0.08,0.0,13.0,6.69,1.15,3.15,0.54,0.23,0.0,12.0,12.08,2.08,3.67,0.58,0.25,0.0,13.0,12.85,1.92,5.15,0.62,0.08,0.0,16.0,10.06,2.12,3.31,0.62,0.12,0.0,15.0,10.33,1.93,3.53,0.47,0.2,0.0
Andre Jackson Jr.,2023-24,9.0,2.22,2.78,1.67,0.11,0.44,0.0,8.0,2.62,1.5,0.0,0.12,0.0,0.0,13.0,1.31,1.46,0.54,0.23,0.08,0.0,12.0,2.25,1.58,1.33,0.42,0.0,0.0,8.0,3.62,3.0,1.5,0.38,0.0,0.0,7.0,1.57,2.0,0.0,0.43,0.14,0.0
Jaren Jackson Jr.,2023-24,10.0,20.9,5.2,2.4,1.1,2.1,0.0,9.0,24.56,6.22,2.44,1.33,1.67,0.0,11.0,25.91,5.45,2.27,1.27,1.18,0.0,10.0,19.4,3.6,2.9,1.5,1.4,0.0,9.0,16.0,5.44,2.78,1.33,1.89,0.0,17.0,25.47,6.59,1.71,0.94,1.53,0.0
Trayce Jackson-Davis,2023-24,12.0,7.75,4.42,1.0,0.17,1.42,0.0,11.0,6.27,3.09,1.0,0.45,0.91,0.0,10.0,8.9,6.8,1.6,0.4,1.2,0.0,11.0,7.73,5.64,0.82,0.45,0.82,0.0,12.0,8.08,5.08,0.92,0.42,0.83,0.0,12.0,8.92,5.25,1.92,0.67,1.5,0.0
LeBron James,2023-24,12.0,24.17,7.08,8.5,1.17,0.33,0.0,8.0,26.62,8.0,6.75,1.38,0.88,0.0,13.0,25.31,7.0,9.54,1.23,0.46,0.0,11.0,24.55,8.45,7.73,1.18,0.73,0.0,14.0,24.86,6.14,8.29,1.14,0.36,0.0,13.0,28.62,7.62,8.31,1.46,0.62,0.0
Jaime Jaquez Jr.,2023-24,9.0,12.33,3.89,1.78,0.78,0.67,0.0,12.0,9.75,4.17,2.83,0.83,0.08,0.0,15.0,14.6,4.53,3.2,1.07,0.27,0.0,14.0,13.29,3.21,2.07,1.14,0.14,0.0,13.0,8.85,3.69,2.38,0.85,0.23,0.0,12.0,11.75,3.25,3.08,1.42,0.33,0.0
DaQuan Jeffries,2023-24,1.0,0.0,0.0,0.0,0.0,0.0,0.0,3.0,0.0,0.33,0.0,0.0,0.0,0.0,3.0,0.67,0.0,0.33,0.0,0.0,0.0,2.0,0.0,1.0,2.0,0.0,0.0,0.0,4.0,0.75,0.25,0.0,0.0,0.25,0.0,4.0,2.25,0.25,0.0,0.0,0.0,0.0
Trey Jemison III,2023-24,6.0,4.33,4.67,1.17,0.5,0.5,0.0,5.0,5.8,5.4,1.2,0.4,1.8,0.0,3.0,6.33,3.33,0.33,1.33,0.67,0.0,3.0,4.33,4.67,2.0,0.0,1.0,0.0,6.0,12.0,7.33,0.83,0.5,1.67,0.0,2.0,6.0,5.5,1.0,0.0,0.5,0.0
Ty Jerome,2023-24,0.0,0.0,0.0,0.0,0.0,0.0,0.0,0.0,0.0,0.0,0.0,0.0,0.0,0.0,0.0,0.0,0.0,0.0,0.0,0.0,0.0,0.0,0.0,0.0,0.0,0.0,0.0,0.0,1.0,2.0,1.0,3.0,0.0,0.0,0.0,1.0,2.0,0.0,0.0,0.0,0.0,0.0
Isaiah Joe,2023-24,14.0,7.07,2.14,1.07,0.57,0.07,0.0,13.0,9.92,2.69,1.85,0.77,0.38,0.0,11.0,8.91,2.36,1.09,0.55,0.18,0.0,12.0,9.08,2.58,1.5,0.58,0.0,0.0,13.0,8.31,2.23,1.46,0.38,0.62,0.0,15.0,6.2,1.93,0.73,0.67,0.4,0.0
Cameron Johnson,2023-24,10.0,12.2,4.7,2.5,0.9,0.4,0.0,11.0,10.55,4.36,2.0,0.64,0.18,0.0,11.0,16.91,4.73,2.55,0.73,0.0,0.0,9.0,13.22,3.44,2.89,1.22,0.11,0.0,8.0,12.25,3.88,1.25,0.88,0.5,0.0,9.0,15.0,4.67,3.0,0.78,0.44,0.0
Jalen Johnson,2023-24,9.0,16.33,8.89,4.33,0.67,1.11,0.0,7.0,17.57,8.57,4.0,1.29,0.43,0.0,12.0,15.42,8.42,3.67,1.0,1.0,0.0,11.0,15.0,9.45,3.0,1.09,0.82,0.0,9.0,16.44,8.67,4.33,2.44,0.78,0.0,8.0,16.0,8.12,2.5,0.75,0.75,0.0
James Johnson,2023-24,0.0,0.0,0.0,0.0,0.0,0.0,0.0,2.0,0.0,1.0,0.0,0.0,0.0,0.0,4.0,1.0,0.5,1.5,1.0,0.0,0.0,1.0,2.0,0.0,1.0,0.0,0.0,0.0,0.0,0.0,0.0,0.0,0.0,0.0,0.0,2.0,1.0,0.0,0.5,0.5,0.5,0.0
Keldon Johnson,2023-24,11.0,14.45,6.45,1.73,0.55,0.45,0.0,12.0,15.0,6.0,1.83,0.67,0.17,0.0,12.0,18.92,5.92,4.17,0.5,0.33,0.0,12.0,12.83,4.42,2.75,0.58,0.17,0.0,11.0,16.55,4.91,3.27,1.0,0.36,0.0,11.0,16.55,5.09,3.18,1.18,0.27,0.0
Keon Johnson,2023-24,2.0,7.5,1.5,0.5,1.5,0.5,0.0,2.0,6.0,1.5,1.0,0.0,0.0,0.0,0.0,0.0,0.0,0.0,0.0,0.0,0.0,1.0,4.0,1.0,0.0,0.0,0.0,0.0,0.0,0.0,0.0,0.0,0.0,0.0,0.0,0.0,0.0,0.0,0.0,0.0,0.0,0.0
Nikola Jokić,2023-24,13.0,28.38,12.46,8.85,1.62,1.0,0.0,13.0,25.85,13.0,6.85,1.38,0.46,0.0,12.0,23.42,12.17,9.17,2.08,0.58,0.0,12.0,25.25,11.92,8.58,1.25,0.75,0.0,16.0,26.5,12.56,10.38,0.94,1.0,0.0,13.0,28.62,11.92,9.62,1.08,1.31,0.0
Colby Jones,2023-24,7.0,0.86,0.71,0.29,0.0,0.0,0.0,5.0,1.2,2.2,0.8,0.4,0.4,0.0,3.0,2.0,1.67,0.67,0.0,0.0,0.0,4.0,0.0,0.5,0.25,0.0,0.0,0.0,6.0,2.33,0.5,0.83,0.17,0.17,0.0,5.0,6.4,2.8,1.2,0.8,0.4,0.0
Herbert Jones,2023-24,13.0,9.92,4.23,3.62,1.38,0.92,0.0,14.0,10.36,3.43,2.21,0.93,0.79,0.0,12.0,10.5,2.58,2.58,1.67,1.0,0.0,14.0,13.07,3.93,3.0,0.86,0.86,0.0,13.0,13.46,3.85,1.92,1.92,0.69,0.0,10.0,7.9,3.3,2.3,1.7,0.6,0.0
Mason Jones,2023-24,1.0,0.0,0.0,0.0,0.0,0.0,0.0,1.0,1.0,4.0,4.0,0.0,0.0,0.0,2.0,3.0,0.5,0.5,0.5,0.0,0.0,0.0,0.0,0.0,0.0,0.0,0.0,0.0,1.0,0.0,0.0,0.0,0.0,0.0,0.0,0.0,0.0,0.0,0.0,0.0,0.0,0.0
Tre Jones,2023-24,13.0,10.31,4.77,6.69,0.92,0.08,0.0,15.0,9.93,4.47,6.67,1.0,0.07,0.0,12.0,11.58,3.5,5.75,0.67,0.17,0.0,12.0,7.83,2.33,6.58,1.08,0.08,0.0,12.0,10.92,3.33,6.25,1.17,0.08,0.0,13.0,9.54,3.85,5.23,1.23,0.23,0.0
Tyus Jones,2023-24,12.0,13.17,2.83,9.08,1.0,0.17,0.0,12.0,13.0,2.83,7.33,0.92,0.17,0.0,12.0,11.0,3.5,5.83,0.58,0.58,0.0,13.0,9.23,2.69,7.54,1.31,0.23,0.0,6.0,14.17,2.17,6.67,1.17,0.0,0.0,11.0,12.64,1.91,7.27,1.55,0.36,0.0
Derrick Jones Jr.,2023-24,14.0,9.86,4.57,1.07,0.57,1.0,0.0,14.0,6.79,2.93,0.5,1.0,0.71,0.0,9.0,10.33,3.78,1.11,0.67,1.0,0.0,10.0,6.6,2.7,1.6,0.2,0.5,0.0,14.0,9.14,2.71,0.86,0.71,0.29,0.0,15.0,9.13,3.07,1.0,0.87,0.6,0.0
DeAndre Jordan,2023-24,6.0,3.67,5.17,0.83,0.0,1.0,0.0,3.0,3.33,2.33,0.0,0.0,0.33,0.0,3.0,1.0,1.33,0.67,0.0,0.0,0.0,8.0,5.25,5.62,1.0,0.38,0.62,0.0,11.0,3.73,4.36,0.64,0.18,0.27,0.0,5.0,4.8,4.4,0.8,0.2,0.2,0.0
Cory Joseph,2023-24,5.0,3.0,0.4,1.4,0.0,0.2,0.0,4.0,2.75,1.0,1.0,0.25,0.25,0.0,4.0,3.75,2.25,1.25,0.0,0.0,0.0,3.0,2.0,1.33,2.67,0.0,0.0,0.0,7.0,1.57,1.29,1.43,0.14,0.14,0.0,3.0,1.67,0.67,2.67,0.67,0.0,0.0
Nikola Jović,2023-24,6.0,7.33,3.0,1.83,0.5,0.0,0.0,8.0,9.75,5.25,2.0,0.62,0.25,0.0,7.0,6.71,4.14,2.71,0.57,0.29,0.0,8.0,7.5,3.0,0.62,0.0,0.12,0.0,7.0,7.71,3.71,2.86,1.43,0.57,0.0,10.0,6.9,5.3,1.9,0.3,0.5,0.0
Johnny Juzang,2023-24,2.0,6.5,3.0,1.5,0.0,0.0,0.0,3.0,12.33,1.0,1.33,0.33,0.0,0.0,3.0,7.0,3.0,1.0,0.0,0.0,0.0,5.0,4.8,1.8,1.4,0.6,0.2,0.0,4.0,8.0,2.0,1.25,0.0,0.25,0.0,3.0,5.67,0.33,0.33,0.0,0.0,0.0
Luke Kennard,2023-24,4.0,11.0,1.75,2.75,0.5,0.25,0.0,5.0,10.0,2.0,2.6,0.6,0.0,0.0,7.0,11.86,3.57,3.0,0.43,0.0,0.0,7.0,13.14,2.71,4.57,0.43,0.14,0.0,8.0,10.5,2.88,3.75,0.62,0.0,0.0,8.0,9.5,3.62,3.62,0.5,0.0,0.0
Walker Kessler,2023-24,11.0,7.18,7.09,1.18,0.45,1.91,0.0,9.0,8.89,7.0,0.67,0.67,1.89,0.0,11.0,7.27,7.18,0.73,0.64,2.64,0.0,9.0,9.22,8.22,0.78,0.33,2.11,0.0,12.0,8.67,8.33,0.92,0.25,2.67,0.0,12.0,7.67,7.25,1.25,0.5,3.0,0.0
Braxton Key,2023-24,3.0,1.67,1.33,0.67,0.0,0.0,0.0,5.0,1.2,1.2,0.8,0.2,0.0,0.0,2.0,1.5,1.5,0.5,0.5,0.0,0.0,0.0,0.0,0.0,0.0,0.0,0.0,0.0,8.0,0.75,0.38,0.25,0.0,0.0,0.0,2.0,1.0,1.0,0.0,0.0,0.5,0.0
Corey Kispert,2023-24,14.0,14.14,3.14,1.29,0.57,0.21,0.0,13.0,14.85,2.77,2.31,0.54,0.15,0.0,15.0,14.13,2.4,2.07,0.4,0.2,0.0,16.0,11.38,3.38,1.81,0.56,0.25,0.0,11.0,14.55,2.27,1.82,0.36,0.09,0.0,11.0,11.36,2.73,2.55,0.64,0.27,0.0
Maxi Kleber,2023-24,7.0,5.71,2.86,1.57,0.71,0.57,0.0,8.0,4.38,3.5,1.62,0.25,1.12,0.0,6.0,2.83,2.33,1.17,0.0,0.17,0.0,6.0,3.83,2.83,1.33,0.33,0.67,0.0,9.0,5.22,4.56,1.78,0.56,0.78,0.0,7.0,4.14,3.29,1.86,0.43,0.71,0.0
Kevin Knox II,2023-24,4.0,4.75,2.0,1.0,0.25,0.25,0.0,7.0,9.0,3.14,1.0,0.71,0.43,0.0,7.0,5.29,2.0,1.0,0.43,0.14,0.0,4.0,6.75,2.0,0.25,0.5,0.0,0.0,6.0,7.83,2.83,0.5,0.33,0.33,0.0,3.0,10.0,2.0,0.33,0.0,0.0,0.0
John Konchar,2023-24,7.0,3.43,4.71,1.71,1.0,0.86,0.0,6.0,6.0,6.33,2.5,0.83,0.67,0.0,12.0,4.25,3.67,1.67,1.08,0.92,0.0,10.0,4.5,5.5,2.9,0.8,1.5,0.0,7.0,3.71,3.57,1.71,0.86,1.0,0.0,13.0,4.08,4.77,1.69,0.92,0.62,0.0
Luke Kornet,2023-24,9.0,2.67,3.44,0.22,0.22,0.44,0.0,9.0,5.44,2.89,1.22,0.33,0.33,0.0,11.0,6.82,4.45,0.82,0.18,1.18,0.0,14.0,4.93,3.86,1.29,0.5,1.0,0.0,10.0,4.4,5.3,1.5,0.6,1.5,0.0,10.0,7.3,4.8,1.2,0.3,1.2,0.0
Vít Krejčí,2023-24,5.0,5.2,3.0,1.0,0.8,0.0,0.0,4.0,3.25,1.5,2.75,1.0,0.25,0.0,2.0,14.0,4.0,3.0,1.0,0.0,0.0,5.0,5.4,2.6,2.8,0.0,0.2,0.0,3.0,4.67,2.0,2.33,0.33,0.67,0.0,3.0,9.0,1.33,2.33,0.67,0.67,0.0
Jonathan Kuminga,2023-24,12.0,15.17,4.67,2.5,1.08,0.5,0.0,12.0,16.5,4.75,2.25,0.42,0.58,0.0,12.0,16.5,6.0,3.08,1.17,0.83,0.0,10.0,16.7,4.2,1.5,0.6,0.4,0.0,15.0,15.0,4.33,2.2,0.53,0.33,0.0,13.0,16.77,4.85,1.62,0.69,0.31,0.0
Kyle Kuzma,2023-24,12.0,21.33,6.58,5.08,0.5,1.0,0.0,12.0,21.0,6.08,3.75,0.5,0.42,0.0,14.0,23.14,5.43,4.57,0.29,0.5,0.0,14.0,24.5,6.57,3.57,0.64,0.64,0.0,8.0,20.0,9.5,4.62,0.75,0.75,0.0,10.0,21.8,6.8,3.9,0.6,1.0,0.0
Jake LaRavia,2023-24,2.0,17.5,5.0,2.0,0.0,0.0,0.0,7.0,12.0,4.86,1.43,0.71,0.86,0.0,6.0,6.0,2.67,1.0,1.33,0.33,0.0,3.0,7.33,3.67,2.0,0.33,0.0,0.0,10.0,13.6,3.3,1.9,1.0,0.4,0.0,7.0,9.43,3.43,1.86,0.71,0.0,0.0
Zach LaVine,2023-24,4.0,18.75,5.25,5.25,1.0,0.5,0.0,4.0,12.75,4.5,4.25,1.0,0.25,0.0,4.0,19.0,5.5,2.75,0.5,0.25,0.0,5.0,19.6,3.2,2.6,0.6,0.4,0.0,5.0,21.2,7.0,5.0,1.2,0.4,0.0,3.0,27.0,5.67,3.67,0.67,0.0,0.0
Jock Landale,2023-24,10.0,4.3,2.6,0.8,0.2,0.3,0.0,10.0,3.1,1.6,0.3,0.4,0.6,0.0,8.0,6.5,4.0,2.12,0.62,0.75,0.0,7.0,5.71,4.0,2.0,0.43,0.29,0.0,9.0,5.0,4.0,0.56,0.11,0.22,0.0,12.0,5.25,2.83,1.5,0.42,1.17,0.0
A.J. Lawson,2023-24,7.0,1.71,0.57,0.14,0.0,0.0,0.0,6.0,3.17,1.17,0.5,0.0,0.17,0.0,4.0,1.0,0.25,0.25,0.0,0.0,0.0,5.0,2.6,0.6,0.2,0.2,0.0,0.0,12.0,5.17,2.08,0.92,0.42,0.17,0.0,8.0,3.25,1.25,0.38,0.5,0.0,0.0
Caris LeVert,2023-24,10.0,12.3,3.4,5.3,1.4,0.4,0.0,11.0,14.64,4.0,4.0,1.73,0.82,0.0,12.0,12.75,4.5,4.75,0.67,0.33,0.0,11.0,18.0,4.73,6.27,0.45,0.73,0.0,13.0,13.0,2.85,4.92,1.38,0.46,0.0,11.0,13.45,5.36,5.36,1.09,0.27,0.0
Alex Len,2023-24,6.0,5.17,2.17,1.17,0.17,0.83,0.0,9.0,1.78,2.78,0.56,0.22,0.44,0.0,7.0,2.29,3.14,1.14,0.14,1.29,0.0,5.0,3.6,3.8,2.2,0.2,0.8,0.0,10.0,3.1,2.4,1.2,0.4,0.7,0.0,11.0,0.73,2.27,0.64,0.18,0.36,0.0
Kawhi Leonard,2023-24,9.0,19.67,5.67,3.44,1.22,0.78,0.0,13.0,24.77,7.0,3.23,2.31,0.92,0.0,9.0,22.78,5.67,3.56,1.22,1.11,0.0,10.0,26.7,5.9,3.4,1.0,0.9,0.0,13.0,22.69,6.15,4.69,1.92,0.69,0.0,14.0,24.79,6.0,3.14,1.71,0.86,0.0
Maxwell Lewis,2023-24,5.0,0.4,0.0,0.2,0.0,0.0,0.0,4.0,0.0,0.25,0.0,0.0,0.0,0.0,3.0,0.0,0.0,0.67,0.0,0.0,0.0,7.0,0.86,0.14,0.0,0.0,0.0,0.0,7.0,0.43,0.14,0.14,0.0,0.0,0.0,8.0,0.0,0.12,0.25,0.25,0.12,0.0
E.J. Liddell,2023-24,0.0,0.0,0.0,0.0,0.0,0.0,0.0,4.0,1.0,0.75,0.25,0.0,0.25,0.0,2.0,0.0,1.0,0.0,0.0,0.0,0.0,1.0,0.0,0.0,0.0,0.0,1.0,0.0,1.0,0.0,0.0,0.0,2.0,0.0,0.0,0.0,0.0,0.0,0.0,0.0,0.0,0.0
Damian Lillard,2023-24,10.0,22.5,3.9,5.0,0.8,0.2,0.0,11.0,23.45,3.82,6.55,1.09,0.55,0.0,18.0,23.94,4.78,6.94,0.78,0.33,0.0,13.0,22.69,4.31,7.15,1.08,0.23,0.0,11.0,30.27,4.55,7.91,1.55,0.09,0.0,10.0,23.3,4.7,8.1,0.7,0.0,0.0
Dereck Lively II,2023-24,10.0,7.9,5.3,0.6,0.3,1.5,0.0,10.0,8.2,7.9,1.0,0.5,0.8,0.0,7.0,9.57,8.71,1.29,0.71,0.86,0.0,7.0,10.0,6.57,1.57,1.57,2.14,0.0,9.0,8.0,6.44,1.11,0.67,2.56,0.0,12.0,9.42,6.75,1.17,0.5,0.83,0.0
Chris Livingston,2023-24,5.0,1.6,1.0,0.2,0.2,0.0,0.0,2.0,0.0,0.5,0.0,0.0,0.0,0.0,4.0,0.25,1.0,0.25,0.25,0.0,0.0,4.0,1.25,0.25,0.5,0.0,0.0,0.0,4.0,1.0,1.0,0.0,0.0,0.0,0.0,2.0,4.0,3.0,0.5,0.0,0.0,0.0
Kevon Looney,2023-24,12.0,2.92,4.92,1.5,0.25,0.25,0.0,11.0,5.27,5.18,2.36,0.27,0.36,0.0,10.0,4.0,4.8,1.8,0.2,0.2,0.0,13.0,4.46,5.92,1.69,0.46,0.38,0.0,15.0,5.47,7.0,1.8,0.33,0.2,0.0,13.0,4.69,5.62,1.69,0.69,0.92,0.0
Brook Lopez,2023-24,13.0,13.0,6.54,2.23,0.38,1.54,0.0,10.0,13.7,5.4,2.0,0.6,2.5,0.0,18.0,12.17,4.78,1.67,0.67,3.22,0.0,15.0,10.53,4.13,1.07,0.47,2.13,0.0,11.0,15.82,4.91,1.09,0.82,2.27,0.0,12.0,11.08,5.67,1.67,0.33,2.42,0.0
Kevin Love,2023-24,7.0,7.57,9.43,3.14,0.29,0.14,0.0,6.0,8.83,6.83,2.5,0.5,0.0,0.0,15.0,8.67,5.13,2.33,0.53,0.13,0.0,13.0,8.62,4.38,1.46,0.08,0.15,0.0,6.0,9.5,6.5,2.0,0.33,0.33,0.0,8.0,10.0,7.25,1.5,0.25,0.38,0.0
Kyle Lowry,2023-24,5.0,13.8,2.6,3.8,1.6,0.8,0.0,10.0,12.3,4.2,4.4,0.7,0.2,0.0,13.0,8.69,3.77,3.92,0.62,0.23,0.0,16.0,6.12,2.75,4.06,1.0,0.44,0.0,9.0,3.67,2.89,4.44,1.33,0.44,0.0,7.0,7.29,2.86,4.86,1.14,0.14,0.0
Seth Lundy,2023-24,2.0,3.0,1.0,0.0,0.0,0.0,0.0,1.0,0.0,2.0,0.0,0.0,0.0,0.0,1.0,2.0,0.0,0.0,0.0,0.0,0.0,3.0,1.67,0.0,0.0,0.0,0.0,0.0,2.0,0.5,1.5,0.0,0.0,0.0,0.0,0.0,0.0,0.0,0.0,0.0,0.0,0.0
Trey Lyles,2023-24,9.0,7.78,5.33,1.11,0.11,0.56,0.0,12.0,6.92,3.83,1.0,0.5,0.08,0.0,8.0,8.38,3.88,1.5,0.25,0.38,0.0,8.0,9.12,4.38,1.38,0.38,0.12,0.0,12.0,6.5,3.58,1.42,0.0,0.25,0.0,9.0,5.33,6.0,1.11,0.56,0.67,0.0
Sandro Mamukelashvili,2023-24,8.0,6.12,5.0,1.75,0.0,0.38,0.0,9.0,4.33,4.11,1.56,0.44,0.44,0.0,4.0,3.75,3.25,1.0,0.25,0.75,0.0,9.0,2.33,2.11,0.44,0.11,0.11,0.0,7.0,6.29,2.43,0.86,0.0,0.0,0.0,9.0,2.44,2.33,0.78,0.11,0.11,0.0
Terance Mann,2023-24,16.0,7.31,2.56,1.25,0.75,0.19,0.0,13.0,8.46,5.0,1.46,0.38,0.08,0.0,9.0,10.11,2.89,1.44,0.33,0.22,0.0,10.0,8.6,2.7,1.6,0.1,0.2,0.0,13.0,10.0,3.77,2.15,0.54,0.31,0.0,14.0,8.86,3.29,1.64,1.07,0.21,0.0
Tre Mann,2023-24,9.0,6.89,2.78,3.56,0.56,0.11,0.0,9.0,13.44,4.89,4.44,1.33,0.0,0.0,8.0,9.62,4.25,4.38,1.12,0.0,0.0,5.0,8.4,2.8,5.2,2.2,0.0,0.0,7.0,8.14,3.14,3.29,1.29,0.29,0.0,3.0,7.67,3.33,3.0,1.67,0.0,0.0
Lauri Markkanen,2023-24,8.0,20.88,9.0,1.62,1.0,0.25,0.0,8.0,24.62,9.38,2.75,0.62,1.0,0.0,9.0,25.0,8.33,2.11,0.78,0.22,0.0,9.0,22.0,6.22,1.89,1.0,0.22,0.0,11.0,26.0,8.73,2.0,1.0,0.91,0.0,10.0,20.5,7.5,1.7,1.0,0.2,0.0
Naji Marshall,2023-24,12.0,4.75,2.92,1.58,0.42,0.33,0.0,11.0,9.27,4.36,1.64,0.91,0.09,0.0,10.0,8.9,3.3,2.4,0.9,0.3,0.0,13.0,5.38,4.15,1.92,0.54,0.15,0.0,12.0,6.33,2.75,1.42,0.83,0.08,0.0,8.0,9.0,4.62,3.12,1.0,0.12,0.0
Caleb Martin,2023-24,12.0,10.42,3.67,2.42,0.58,0.5,0.0,6.0,9.0,4.0,1.83,1.5,0.5,0.0,16.0,10.88,4.81,2.62,0.75,0.5,0.0,13.0,10.31,4.54,2.15,0.54,0.38,0.0,8.0,7.25,4.12,1.62,0.75,0.12,0.0,9.0,10.56,4.89,2.22,0.67,0.67,0.0
Cody Martin,2023-24,5.0,5.8,4.4,3.2,0.2,1.2,0.0,7.0,5.14,4.0,3.86,1.29,1.0,0.0,5.0,11.4,4.8,5.6,1.0,0.2,0.0,3.0,10.0,3.0,2.0,2.33,0.33,0.0,2.0,5.5,2.0,1.5,1.0,0.5,0.0,6.0,8.0,3.67,4.0,1.33,0.33,0.0
KJ Martin,2023-24,7.0,7.14,3.14,1.57,0.29,0.29,0.0,10.0,4.4,2.9,0.7,0.7,0.4,0.0,10.0,2.4,1.7,0.4,0.2,0.2,0.0,12.0,2.58,1.5,0.92,0.5,0.17,0.0,12.0,2.83,1.42,0.92,0.17,0.08,0.0,9.0,4.56,3.11,0.78,0.33,0.11,0.0
Garrison Mathews,2023-24,10.0,5.1,1.8,0.7,0.4,0.1,0.0,13.0,4.23,1.15,0.77,0.38,0.08,0.0,9.0,5.89,1.78,0.67,0.22,0.11,0.0,12.0,5.92,1.17,0.25,0.42,0.17,0.0,10.0,6.0,1.4,0.5,0.1,0.2,0.0,12.0,2.92,1.25,0.5,0.25,0.08,0.0
Bennedict Mathurin,2023-24,11.0,17.27,4.91,2.73,0.82,0.27,0.0,13.0,11.46,3.31,1.38,0.08,0.23,0.0,12.0,17.42,4.42,2.67,1.0,0.17,0.0,8.0,13.88,3.0,1.38,0.12,0.5,0.0,8.0,14.0,4.38,1.75,0.88,0.0,0.0,7.0,12.14,3.57,2.0,0.71,0.29,0.0
Tyrese Maxey,2023-24,11.0,25.45,4.45,6.36,1.27,0.45,0.0,10.0,25.4,3.7,6.7,0.8,0.5,0.0,15.0,28.2,3.8,5.93,0.67,0.8,0.0,13.0,24.31,3.15,5.38,1.31,0.46,0.0,10.0,23.8,3.2,6.6,0.8,0.2,0.0,11.0,27.73,3.82,6.45,1.09,0.27,0.0
Miles McBride,2023-24,11.0,6.82,1.18,1.0,0.91,0.0,0.0,14.0,9.57,1.29,1.93,0.57,0.21,0.0,13.0,9.15,1.77,2.15,0.77,0.15,0.0,11.0,8.45,1.55,1.55,0.55,0.0,0.0,10.0,10.1,2.0,2.0,0.8,0.1,0.0,9.0,4.44,1.0,1.22,0.89,0.11,0.0
CJ McCollum,2023-24,11.0,19.09,3.73,4.0,1.09,0.82,0.0,11.0,17.64,3.91,4.64,1.0,0.73,0.0,8.0,17.5,5.12,4.25,1.75,0.88,0.0,10.0,21.7,4.8,4.3,0.7,0.5,0.0,14.0,21.86,4.64,5.79,0.64,0.5,0.0,12.0,21.25,4.0,4.33,0.75,0.42,0.0
T.J. McConnell,2023-24,10.0,9.9,2.2,4.8,1.3,0.0,0.0,14.0,10.79,3.0,5.43,1.07,0.14,0.0,13.0,9.0,2.62,5.54,0.85,0.0,0.0,12.0,11.33,2.67,6.58,0.75,0.17,0.0,12.0,10.0,3.42,5.5,1.08,0.25,0.0,10.0,10.4,2.0,4.9,1.1,0.1,0.0
Jaden McDaniels,2023-24,9.0,11.67,3.44,1.22,0.89,1.33,0.0,11.0,10.27,2.82,1.18,0.36,0.64,0.0,12.0,10.33,3.25,1.75,0.83,0.75,0.0,10.0,10.3,3.6,2.0,1.0,0.5,0.0,14.0,9.36,2.5,1.57,0.86,0.43,0.0,16.0,11.31,3.25,0.88,1.19,0.19,0.0
Jalen McDaniels,2023-24,9.0,2.67,1.44,0.44,0.33,0.22,0.0,10.0,7.0,2.1,1.4,0.6,0.1,0.0,6.0,2.83,0.67,0.67,0.17,0.17,0.0,7.0,2.71,1.43,0.71,0.43,0.0,0.0,9.0,0.67,0.56,0.44,0.0,0.0,0.0,9.0,3.67,2.89,0.67,0.67,0.22,0.0
Doug McDermott,2023-24,7.0,4.71,0.57,1.86,0.29,0.0,0.0,10.0,3.9,1.3,1.0,0.3,0.0,0.0,11.0,6.09,1.18,1.09,0.0,0.18,0.0,13.0,4.92,0.77,1.0,0.31,0.0,0.0,12.0,4.92,0.83,0.92,0.08,0.0,0.0,11.0,8.09,0.82,1.0,0.55,0.0,0.0
Bryce McGowens,2023-24,10.0,3.9,1.4,0.6,0.1,0.0,0.0,11.0,6.36,2.0,1.09,0.27,0.36,0.0,12.0,2.33,1.17,0.75,0.08,0.0,0.0,12.0,4.67,1.75,0.83,0.5,0.08,0.0,6.0,7.83,2.67,0.33,0.67,0.33,0.0,8.0,7.75,1.88,1.5,0.75,0.38,0.0
Jordan McLaughlin,2023-24,9.0,2.78,0.89,1.67,0.22,0.11,0.0,7.0,3.86,1.43,1.57,0.43,0.0,0.0,8.0,1.75,1.0,2.62,0.75,0.38,0.0,9.0,2.89,1.0,1.67,0.78,0.33,0.0,10.0,5.6,1.8,3.2,0.8,0.0,0.0,13.0,3.62,1.46,1.23,0.69,0.0,0.0
De'Anthony Melton,2023-24,6.0,9.83,4.0,2.0,0.83,0.0,0.0,5.0,12.4,4.0,3.0,1.4,0.8,0.0,7.0,10.57,4.0,3.57,1.29,0.29,0.0,6.0,10.5,3.67,2.33,2.17,0.33,0.0,7.0,8.14,2.14,3.86,1.86,0.29,0.0,7.0,15.14,4.57,3.0,1.86,0.86,0.0
Sam Merrill,2023-24,11.0,8.64,1.82,1.36,0.18,0.0,0.0,10.0,7.2,1.9,1.8,0.1,0.0,0.0,9.0,8.44,1.78,1.78,0.56,0.0,0.0,10.0,10.1,2.0,1.5,0.4,0.1,0.0,10.0,8.4,2.6,2.4,0.5,0.2,0.0,11.0,5.18,1.73,1.82,0.18,0.09,0.0
Vasilije Micić,2023-24,13.0,6.15,1.0,5.38,0.54,0.08,0.0,17.0,5.71,0.88,3.65,0.35,0.12,0.0,10.0,8.0,2.5,5.1,0.6,0.1,0.0,5.0,9.8,1.8,4.0,0.8,0.2,0.0,7.0,9.0,1.71,4.71,0.43,0.14,0.0,8.0,6.62,1.75,3.25,0.62,0.12,0.0
Khris Middleton,2023-24,8.0,14.12,4.0,7.0,1.5,0.25,0.0,6.0,13.33,5.33,5.17,0.83,0.5,0.0,11.0,14.45,6.27,4.55,1.0,0.09,0.0,12.0,15.5,3.67,4.67,0.83,0.25,0.0,6.0,14.83,4.33,5.83,0.5,0.17,0.0,12.0,16.75,4.5,5.33,0.83,0.42,0.0
Brandon Miller,2023-24,13.0,15.62,4.62,2.46,0.38,0.54,0.0,11.0,15.09,3.55,2.73,1.64,0.27,0.0,15.0,21.13,4.6,2.6,0.73,0.73,0.0,13.0,16.08,4.23,1.54,0.54,0.31,0.0,12.0,18.0,4.5,2.33,1.25,0.67,0.0,10.0,16.8,3.8,2.6,1.0,0.9,0.0
Jordan Miller,2023-24,2.0,3.0,1.0,0.0,0.0,0.0,0.0,1.0,2.0,2.0,0.0,0.0,0.0,0.0,4.0,0.75,0.25,0.0,0.0,0.0,0.0,0.0,0.0,0.0,0.0,0.0,0.0,0.0,1.0,2.0,0.0,0.0,0.0,0.0,0.0,0.0,0.0,0.0,0.0,0.0,0.0,0.0
Leonard Miller,2023-24,2.0,0.0,2.0,0.0,0.0,0.0,0.0,5.0,1.4,1.0,0.8,0.0,0.0,0.0,1.0,5.0,1.0,2.0,1.0,0.0,0.0,1.0,0.0,2.0,0.0,0.0,0.0,0.0,4.0,1.5,1.25,0.0,0.25,0.25,0.0,4.0,2.75,0.75,0.5,0.0,0.0,0.0
Patty Mills,2023-24,6.0,3.33,0.83,1.17,0.67,0.0,0.0,8.0,5.75,1.75,2.25,0.75,0.12,0.0,6.0,2.0,0.83,0.33,0.33,0.0,0.0,2.0,1.0,0.0,1.0,0.5,0.0,0.0,5.0,6.0,1.0,0.4,0.8,0.0,0.0,5.0,3.4,1.2,0.6,0.6,0.0,0.0
Shake Milton,2023-24,7.0,4.43,0.86,1.0,0.71,0.14,0.0,6.0,5.67,1.67,1.67,0.17,0.17,0.0,7.0,2.29,1.14,1.14,0.29,0.14,0.0,9.0,4.89,1.33,1.11,0.44,0.0,0.0,7.0,3.57,1.14,0.71,0.43,0.14,0.0,12.0,5.5,2.58,1.67,0.33,0.17,0.0
Justin Minaya,2023-24,4.0,0.75,1.75,0.75,0.25,0.0,0.0,7.0,2.43,1.14,0.71,0.14,0.43,0.0,6.0,1.5,1.33,0.33,0.17,0.17,0.0,4.0,3.25,2.5,0.75,0.0,0.25,0.0,8.0,1.62,1.75,0.5,0.12,0.12,0.0,5.0,1.2,1.8,0.8,1.0,0.8,0.0
Josh Minott,2023-24,4.0,1.5,0.0,0.25,0.0,0.25,0.0,5.0,3.4,0.2,0.0,0.2,0.2,0.0,2.0,2.0,1.5,0.5,0.5,0.0,0.0,4.0,1.25,0.75,0.25,0.0,0.25,0.0,8.0,0.75,0.25,0.12,0.25,0.25,0.0,9.0,1.33,0.89,0.44,0.11,0.0,0.0
Davion Mitchell,2023-24,10.0,4.3,1.2,1.1,0.3,0.1,0.0,13.0,6.23,1.54,2.38,0.46,0.0,0.0,10.0,6.1,1.7,1.9,0.1,0.0,0.0,11.0,3.45,1.27,1.73,0.27,0.0,0.0,15.0,5.6,1.07,1.8,0.07,0.0,0.0,13.0,5.54,1.23,2.08,0.23,0.15,0.0
Donovan Mitchell,2023-24,6.0,28.83,4.0,7.5,2.5,0.33,0.0,8.0,25.12,6.62,5.88,1.0,0.25,0.0,11.0,28.91,5.18,6.64,2.0,0.27,0.0,9.0,23.89,4.56,6.44,1.78,0.56,0.0,9.0,31.11,5.11,6.0,2.0,0.78,0.0,12.0,23.0,4.92,4.67,1.83,0.92,0.0
Evan Mobley,2023-24,7.0,13.14,10.71,2.86,1.14,1.86,0.0,6.0,17.33,7.0,2.0,0.5,1.17,0.0,14.0,14.36,10.29,3.79,0.64,1.5,0.0,7.0,16.57,9.43,3.71,1.14,1.43,0.0,5.0,15.6,8.4,4.2,1.6,0.6,0.0,11.0,17.64,9.0,2.55,0.82,1.64,0.0
Malik Monk,2023-24,11.0,17.45,3.18,4.73,0.73,0.45,0.0,13.0,15.62,3.08,3.54,0.46,0.38,0.0,10.0,13.6,2.7,4.7,0.6,0.5,0.0,10.0,13.8,2.8,5.1,0.4,0.5,0.0,14.0,16.43,3.07,6.57,0.79,0.79,0.0,14.0,15.07,2.79,5.86,0.71,0.57,0.0
Moses Moody,2023-24,10.0,6.8,2.4,0.8,0.5,0.4,0.0,7.0,5.86,2.29,0.71,0.29,0.29,0.0,9.0,8.33,2.67,0.33,0.67,0.33,0.0,11.0,11.64,3.64,1.64,1.18,0.45,0.0,14.0,8.43,3.36,0.5,0.57,0.36,0.0,15.0,6.87,3.0,1.07,0.53,0.33,0.0
Tazé Moore,2023-24,1.0,2.0,0.0,1.0,0.0,0.0,0.0,0.0,0.0,0.0,0.0,0.0,0.0,0.0,0.0,0.0,0.0,0.0,0.0,0.0,0.0,1.0,12.0,8.0,4.0,1.0,0.0,0.0,0.0,0.0,0.0,0.0,0.0,0.0,0.0,2.0,2.0,0.0,0.0,0.5,0.0,0.0
Wendell Moore Jr.,2023-24,2.0,0.0,0.0,0.0,0.0,0.0,0.0,6.0,0.33,0.33,0.33,0.33,0.0,0.0,3.0,1.33,1.67,0.67,0.0,0.0,0.0,2.0,0.0,0.0,0.0,0.0,0.0,0.0,5.0,2.0,0.4,0.2,0.4,0.0,0.0,7.0,0.29,0.43,0.14,0.14,0.14,0.0
Ja Morant,2023-24,0.0,0.0,0.0,0.0,0.0,0.0,0.0,0.0,0.0,0.0,0.0,0.0,0.0,0.0,3.0,21.67,5.33,6.67,0.33,0.0,0.0,2.0,24.5,6.0,10.5,0.5,0.5,0.0,1.0,26.0,5.0,10.0,1.0,0.0,0.0,3.0,28.67,5.67,7.33,1.33,1.33,0.0
Markieff Morris,2023-24,4.0,2.75,1.5,0.5,0.0,0.0,0.0,4.0,2.0,1.5,0.5,0.5,0.25,0.0,3.0,1.33,0.67,0.33,0.0,0.0,0.0,5.0,1.6,0.8,0.4,0.0,0.0,0.0,3.0,1.67,2.33,0.67,0.67,0.33,0.0,7.0,4.29,2.0,1.0,0.14,0.14,0.0
Monté Morris,2023-24,5.0,5.8,1.4,2.8,1.0,0.2,0.0,5.0,5.2,1.2,1.4,0.0,0.2,0.0,8.0,5.25,2.12,1.5,0.38,0.25,0.0,2.0,3.5,1.5,2.0,0.5,0.5,0.0,9.0,3.78,1.78,2.56,0.78,0.33,0.0,4.0,6.5,2.0,2.25,0.75,0.25,0.0
Trey Murphy III,2023-24,9.0,9.89,5.0,2.0,0.78,0.33,0.0,8.0,15.25,4.62,2.88,0.75,0.5,0.0,7.0,13.71,6.14,1.57,0.71,0.57,0.0,11.0,19.45,4.18,2.55,0.55,0.09,0.0,11.0,13.91,5.0,2.18,1.45,0.82,0.0,11.0,15.27,4.91,1.82,1.0,0.64,0.0
Dejounte Murray,2023-24,14.0,24.21,5.79,7.43,1.71,0.29,0.0,13.0,21.08,4.23,6.31,1.46,0.31,0.0,12.0,22.42,5.92,6.5,1.58,0.08,0.0,14.0,20.71,5.14,4.93,0.79,0.43,0.0,13.0,21.69,5.62,6.69,1.08,0.46,0.0,12.0,24.92,5.33,6.83,2.0,0.25,0.0
Jamal Murray,2023-24,9.0,23.22,3.33,6.89,1.22,0.33,0.0,12.0,20.08,3.42,5.42,0.92,0.92,0.0,10.0,20.9,3.6,6.7,0.9,0.5,0.0,8.0,20.88,5.12,5.62,1.0,0.75,0.0,12.0,19.58,4.25,6.92,0.83,0.83,0.0,8.0,23.62,5.38,7.75,1.0,0.5,0.0
Keegan Murray,2023-24,11.0,21.55,5.36,1.64,1.27,0.45,0.0,13.0,13.08,5.23,1.62,0.92,1.0,0.0,10.0,16.6,6.9,1.5,1.2,0.7,0.0,11.0,14.0,5.18,1.64,0.91,1.09,0.0,17.0,15.41,5.41,1.71,1.18,0.41,0.0,15.0,12.2,5.0,1.87,0.73,1.0,0.0
Kris Murray,2023-24,11.0,5.0,3.73,1.27,0.82,0.45,0.0,12.0,5.75,2.92,1.33,1.0,0.17,0.0,9.0,8.67,4.78,1.56,0.89,0.22,0.0,10.0,5.3,3.9,1.0,1.0,0.4,0.0,10.0,8.4,3.7,2.0,0.9,0.4,0.0,10.0,3.7,2.9,0.6,0.5,0.4,0.0
Svi Mykhailiuk,2023-24,4.0,5.0,2.25,1.25,0.25,0.0,0.0,7.0,3.57,0.43,0.29,0.29,0.0,0.0,10.0,3.8,1.3,0.6,0.2,0.0,0.0,8.0,2.38,0.88,0.88,0.25,0.0,0.0,8.0,5.62,1.38,1.38,0.25,0.12,0.0,4.0,3.75,2.0,1.0,0.5,0.0,0.0
Pete Nance,2023-24,1.0,0.0,0.0,0.0,1.0,0.0,0.0,1.0,0.0,0.0,0.0,0.0,0.0,0.0,2.0,1.5,1.0,0.0,0.0,0.0,0.0,1.0,0.0,0.0,0.0,0.0,0.0,0.0,1.0,0.0,1.0,0.0,0.0,0.0,0.0,2.0,0.0,0.0,0.0,0.0,0.0,0.0
Larry Nance Jr.,2023-24,7.0,7.14,6.29,2.0,1.71,0.43,0.0,13.0,5.92,5.15,1.0,1.0,0.38,0.0,11.0,4.36,4.09,1.18,0.18,0.18,0.0,10.0,6.2,4.5,2.4,1.6,0.6,0.0,11.0,5.82,5.09,2.09,0.82,0.18,0.0,9.0,5.44,5.56,2.89,1.0,0.11,0.0
Andrew Nembhard,2023-24,12.0,10.08,1.92,4.33,0.83,0.17,0.0,14.0,8.14,1.57,3.93,0.71,0.07,0.0,9.0,9.78,1.78,2.67,1.0,0.11,0.0,12.0,8.67,2.5,4.5,1.08,0.08,0.0,13.0,9.08,2.77,4.77,0.92,0.08,0.0,8.0,10.12,1.75,4.12,1.12,0.0,0.0
Aaron Nesmith,2023-24,14.0,13.0,4.43,1.5,1.21,0.71,0.0,14.0,13.0,4.64,1.36,1.0,0.79,0.0,11.0,10.0,2.91,1.64,0.91,0.82,0.0,12.0,13.25,3.92,1.42,0.67,0.58,0.0,10.0,12.7,3.6,1.4,1.1,0.6,0.0,11.0,10.64,3.0,1.73,0.45,0.55,0.0
Georges Niang,2023-24,12.0,12.58,2.92,1.17,0.25,0.5,0.0,13.0,7.54,3.85,1.0,0.54,0.08,0.0,16.0,8.81,3.25,1.25,0.19,0.19,0.0,15.0,9.47,3.4,1.27,0.4,0.33,0.0,13.0,10.38,3.77,1.54,0.62,0.15,0.0,13.0,7.77,3.15,0.92,0.23,0.08,0.0
Daishen Nix,2023-24,2.0,2.5,0.5,0.0,0.5,0.0,0.0,3.0,3.67,0.33,0.67,0.0,0.0,0.0,1.0,0.0,1.0,3.0,1.0,0.0,0.0,3.0,1.67,0.0,0.0,0.67,0.0,0.0,2.0,0.0,0.0,0.0,0.0,0.0,0.0,4.0,1.5,0.0,0.25,0.25,0.0,0.0
Zeke Nnaji,2023-24,8.0,2.0,1.75,0.5,0.5,0.38,0.0,10.0,5.2,2.6,0.4,0.3,0.6,0.0,10.0,4.2,2.6,0.4,0.4,1.0,0.0,8.0,3.12,2.62,1.0,0.12,1.12,0.0,10.0,2.6,1.4,0.4,0.0,0.6,0.0,12.0,2.08,2.08,0.67,0.25,0.33,0.0
Jaylen Nowell,2023-24,3.0,4.0,2.33,2.0,0.0,0.0,0.0,2.0,7.0,2.0,1.5,0.5,0.5,0.0,1.0,0.0,0.0,2.0,0.0,0.0,0.0,1.0,19.0,4.0,1.0,1.0,0.0,0.0,1.0,0.0,0.0,0.0,0.0,0.0,0.0,5.0,7.2,1.8,1.4,0.4,0.2,0.0
Jusuf Nurkić,2023-24,14.0,12.0,10.07,3.93,1.07,0.64,0.0,12.0,9.5,9.83,4.33,1.25,1.0,0.0,11.0,12.09,11.18,2.73,0.55,0.91,0.0,11.0,10.0,10.64,4.45,1.09,1.09,0.0,14.0,11.71,13.5,4.14,0.93,1.57,0.0,14.0,10.0,10.64,4.07,1.43,1.07,0.0
Royce O'Neale,2023-24,15.0,8.33,4.73,2.27,0.6,0.73,0.0,15.0,5.13,3.67,2.93,0.53,0.2,0.0,12.0,11.75,6.67,3.83,1.08,1.17,0.0,11.0,7.18,4.55,2.27,0.64,0.45,0.0,13.0,9.15,5.46,3.0,1.15,0.69,0.0,13.0,5.15,3.85,2.38,0.54,0.15,0.0
Chuma Okeke,2023-24,8.0,3.0,2.62,0.25,0.25,0.25,0.0,6.0,3.5,2.17,0.67,0.17,0.33,0.0,8.0,1.38,1.38,0.5,0.12,0.0,0.0,9.0,4.33,2.33,0.44,0.33,0.33,0.0,11.0,0.45,0.82,0.36,0.18,0.0,0.0,5.0,1.4,1.0,0.4,0.0,0.0,0.0
Josh Okogie,2023-24,11.0,6.73,2.09,1.0,1.0,0.64,0.0,8.0,6.75,3.25,0.88,1.25,0.38,0.0,9.0,2.11,1.89,1.22,0.67,0.44,0.0,10.0,4.4,2.8,1.1,0.8,0.3,0.0,10.0,3.8,2.4,1.1,0.6,0.5,0.0,12.0,4.0,3.0,1.08,0.58,0.17,0.0
Onyeka Okongwu,2023-24,8.0,9.5,8.12,1.88,0.25,1.12,0.0,11.0,11.18,6.55,1.64,0.55,1.09,0.0,10.0,9.6,5.3,1.2,0.4,0.8,0.0,8.0,8.5,6.5,1.5,0.5,1.88,0.0,10.0,10.8,7.3,0.9,0.5,1.2,0.0,8.0,11.25,7.62,1.0,0.62,0.5,0.0
Isaac Okoro,2023-24,9.0,8.0,3.44,2.22,0.56,0.78,0.0,9.0,6.33,1.89,1.33,0.78,0.67,0.0,16.0,10.81,2.94,2.12,0.56,0.38,0.0,14.0,10.5,2.36,1.64,0.79,0.29,0.0,12.0,9.58,3.83,1.67,1.25,0.33,0.0,9.0,9.22,3.56,2.56,1.11,0.78,0.0
Kelly Olynyk,2023-24,8.0,13.62,6.0,5.75,1.62,0.38,0.0,13.0,8.15,4.92,2.92,0.69,0.23,0.0,15.0,9.27,5.13,4.0,1.0,0.4,0.0,9.0,7.56,5.11,5.89,0.56,0.33,0.0,17.0,10.29,5.47,4.41,1.0,0.47,0.0,16.0,10.31,5.19,4.69,0.94,0.44,0.0
Kelly Oubre Jr.,2023-24,10.0,14.5,5.4,1.4,1.2,0.7,0.0,11.0,16.64,4.64,1.45,1.09,0.91,0.0,12.0,16.67,5.75,0.92,1.17,0.5,0.0,13.0,13.69,5.0,2.15,1.23,0.85,0.0,12.0,13.25,4.08,0.58,0.83,0.67,0.0,10.0,18.4,5.3,2.5,1.3,0.5,0.0
Chris Paul,2023-24,10.0,8.9,3.5,7.8,1.3,0.2,0.0,6.0,6.0,3.0,4.83,1.0,0.0,0.0,7.0,13.29,3.29,5.14,0.43,0.14,0.0,9.0,9.0,3.44,5.67,1.56,0.11,0.0,12.0,8.17,4.58,8.92,1.42,0.08,0.0,14.0,9.71,4.5,6.57,1.21,0.07,0.0
Cameron Payne,2023-24,10.0,6.9,2.1,1.5,0.4,0.1,0.0,12.0,6.33,0.75,2.08,0.58,0.25,0.0,18.0,6.89,0.83,2.72,0.39,0.06,0.0,15.0,8.87,1.73,2.8,0.27,0.4,0.0,11.0,7.36,2.45,3.45,1.09,0.0,0.0,12.0,7.92,1.58,3.0,0.67,0.0,0.0
Gary Payton II,2023-24,7.0,4.43,3.43,1.14,0.43,0.14,0.0,6.0,5.0,3.17,1.83,0.83,0.33,0.0,9.0,4.11,1.44,0.67,0.33,0.11,0.0,8.0,6.0,2.38,1.12,1.12,0.75,0.0,4.0,4.25,2.5,1.0,1.5,0.5,0.0,10.0,7.7,2.8,1.0,1.3,0.6,0.0
Drew Peterson,2023-24,0.0,0.0,0.0,0.0,0.0,0.0,0.0,0.0,0.0,0.0,0.0,0.0,0.0,0.0,1.0,8.0,0.0,0.0,1.0,0.0,0.0,1.0,3.0,0.0,1.0,0.0,0.0,0.0,1.0,0.0,1.0,0.0,1.0,0.0,0.0,0.0,0.0,0.0,0.0,0.0,0.0,0.0
Julian Phillips,2023-24,10.0,2.0,1.6,1.0,0.2,0.0,0.0,8.0,2.12,0.75,0.12,0.25,0.5,0.0,6.0,4.17,0.83,0.17,0.33,0.17,0.0,8.0,1.5,0.62,0.0,0.0,0.12,0.0,4.0,0.5,0.0,0.0,0.25,0.0,0.0,4.0,3.25,1.0,0.25,0.0,0.25,0.0
Jalen Pickett,2023-24,6.0,1.33,0.33,1.0,0.0,0.0,0.0,4.0,2.5,1.0,1.0,0.25,0.0,0.0,5.0,2.2,0.8,1.0,0.4,0.0,0.0,2.0,1.0,0.5,1.0,0.0,0.0,0.0,7.0,1.14,0.0,0.29,0.0,0.0,0.0,3.0,1.0,1.0,0.67,0.33,0.0,0.0
Scotty Pippen Jr.,2023-24,3.0,16.33,3.0,5.33,1.67,0.33,0.0,5.0,15.0,4.0,4.6,0.6,0.2,0.0,3.0,12.0,2.67,7.0,2.0,1.0,0.0,3.0,6.0,2.33,2.33,0.33,0.33,0.0,5.0,15.0,4.0,5.2,2.8,0.8,0.0,2.0,9.0,1.5,2.5,3.5,0.0,0.0
Mason Plumlee,2023-24,8.0,2.88,3.62,1.5,0.12,0.25,0.0,8.0,5.5,4.75,0.38,0.25,0.25,0.0,2.0,7.5,4.5,1.5,0.0,0.5,0.0,6.0,5.0,4.83,1.67,0.33,0.33,0.0,12.0,6.83,6.5,1.92,0.33,0.58,0.0,10.0,5.0,5.1,0.4,0.5,0.3,0.0
Brandin Podziemski,2023-24,12.0,9.08,5.0,3.42,0.83,0.08,0.0,11.0,9.36,5.18,4.36,1.18,0.09,0.0,12.0,10.42,6.17,3.58,0.5,0.08,0.0,10.0,8.2,6.0,4.0,1.2,0.5,0.0,15.0,8.47,6.47,3.8,0.53,0.27,0.0,14.0,9.71,5.64,3.14,0.86,0.14,0.0
Jakob Poeltl,2023-24,11.0,8.09,8.64,2.27,0.64,1.82,0.0,7.0,13.0,8.86,2.57,0.57,1.14,0.0,8.0,13.0,8.0,3.0,1.12,1.5,0.0,10.0,10.0,8.3,2.7,0.2,0.9,0.0,7.0,13.71,8.29,2.43,0.71,2.0,0.0,7.0,10.71,9.57,2.29,1.14,1.86,0.0
Jordan Poole,2023-24,15.0,17.27,2.8,4.4,1.2,0.33,0.0,13.0,17.15,2.08,4.0,1.0,0.31,0.0,12.0,17.33,3.25,5.33,1.25,0.42,0.0,16.0,18.56,3.06,4.12,1.38,0.31,0.0,11.0,16.64,2.55,5.0,0.55,0.27,0.0,11.0,16.91,2.45,3.64,1.09,0.27,0.0
Craig Porter Jr.,2023-24,9.0,7.56,2.0,2.22,0.44,0.67,0.0,6.0,5.5,1.67,3.0,0.33,0.5,0.0,9.0,3.89,1.33,1.56,0.44,0.33,0.0,10.0,6.1,3.8,3.1,0.7,0.2,0.0,9.0,8.22,2.56,3.67,0.44,0.11,0.0,8.0,1.75,1.0,0.25,0.0,0.0,0.0
Michael Porter Jr.,2023-24,13.0,15.77,6.15,1.62,0.38,0.85,0.0,13.0,13.54,6.08,1.15,0.46,0.31,0.0,12.0,20.08,5.92,1.58,0.58,0.75,0.0,12.0,13.5,6.67,1.33,0.5,0.75,0.0,16.0,18.0,8.19,1.62,0.56,0.56,0.0,15.0,18.93,8.27,1.67,0.6,0.73,0.0
Bobby Portis,2023-24,13.0,13.46,7.08,1.38,0.62,0.31,0.0,11.0,14.64,7.0,1.0,0.55,0.27,0.0,18.0,16.11,7.28,1.33,0.5,0.39,0.0,16.0,12.62,8.0,1.31,1.25,0.44,0.0,11.0,17.0,8.36,1.36,1.36,0.55,0.0,13.0,8.85,6.69,1.15,0.77,0.54,0.0
Kristaps Porziņģis,2023-24,9.0,20.33,7.44,1.56,0.78,1.11,0.0,8.0,21.62,6.88,2.25,0.75,1.88,0.0,10.0,19.7,7.2,1.7,0.5,0.9,0.0,13.0,17.15,6.31,2.46,0.62,2.54,0.0,9.0,20.67,7.78,2.11,0.89,2.44,0.0,8.0,22.88,7.88,1.88,1.0,2.75,0.0
Micah Potter,2023-24,2.0,5.0,2.5,0.0,0.0,0.0,0.0,2.0,7.5,6.5,2.0,0.5,1.5,0.0,2.0,5.5,1.0,0.5,0.0,0.0,0.0,4.0,3.0,2.75,0.0,0.75,0.5,0.0,3.0,0.67,2.0,0.0,0.0,0.0,0.0,3.0,1.0,2.0,0.33,0.0,0.33,0.0
Dwight Powell,2023-24,9.0,3.33,3.22,1.44,0.67,0.22,0.0,13.0,2.92,3.92,1.31,0.31,0.46,0.0,10.0,3.8,3.1,1.2,0.4,0.1,0.0,6.0,2.33,2.17,1.5,0.17,0.33,0.0,12.0,4.42,3.67,1.67,0.5,0.42,0.0,13.0,2.69,3.54,1.0,0.38,0.31,0.0
Norman Powell,2023-24,16.0,14.5,2.88,1.31,0.56,0.12,0.0,13.0,14.15,2.31,1.0,0.54,0.23,0.0,9.0,16.0,2.67,1.0,0.22,0.11,0.0,11.0,13.45,1.55,0.64,0.36,0.18,0.0,13.0,12.38,3.0,1.23,0.92,0.54,0.0,14.0,13.36,2.79,1.14,0.64,0.5,0.0
Taurean Prince,2023-24,13.0,7.85,2.85,1.46,0.69,0.46,0.0,14.0,10.5,3.43,1.57,0.64,0.43,0.0,12.0,9.33,2.67,1.25,0.75,0.5,0.0,11.0,10.55,2.73,1.91,0.82,0.45,0.0,14.0,7.14,3.5,1.5,0.79,0.21,0.0,14.0,8.57,2.43,1.5,0.79,0.64,0.0
Payton Pritchard,2023-24,12.0,7.33,2.58,2.5,0.67,0.17,0.0,12.0,6.75,2.67,2.33,0.08,0.08,0.0,16.0,11.56,3.5,3.88,0.38,0.06,0.0,17.0,8.24,3.47,3.12,0.53,0.06,0.0,13.0,15.38,3.62,4.08,0.62,0.08,0.0,12.0,7.75,3.33,4.58,0.58,0.0,0.0
Olivier-Maxence Prosper,2023-24,4.0,2.5,1.25,1.0,0.0,0.0,0.0,8.0,3.12,2.12,0.62,0.25,0.12,0.0,4.0,0.25,1.25,0.25,0.0,0.0,0.0,4.0,0.75,0.25,0.0,0.25,0.0,0.0,11.0,3.18,2.18,0.55,0.27,0.27,0.0,9.0,5.22,3.0,0.67,0.11,0.0,0.0
Trevelin Queen,2023-24,5.0,4.2,1.0,1.6,0.6,0.0,0.0,3.0,1.67,2.0,1.0,0.67,0.33,0.0,2.0,1.0,1.0,0.0,0.0,0.0,0.0,1.0,5.0,2.0,6.0,2.0,1.0,0.0,1.0,0.0,0.0,0.0,0.0,0.0,0.0,2.0,3.5,2.5,0.5,0.0,1.5,0.0
Neemias Queta,2023-24,3.0,4.33,4.33,0.0,0.67,0.0,0.0,4.0,3.5,4.0,0.25,0.25,0.5,0.0,7.0,6.71,4.71,1.29,0.57,1.0,0.0,2.0,10.0,10.0,1.5,0.5,0.0,0.0,6.0,8.17,5.33,0.5,0.33,1.67,0.0,6.0,1.83,1.33,0.67,0.5,0.33,0.0
Immanuel Quickley,2023-24,11.0,15.55,4.64,4.73,0.91,0.27,0.0,13.0,15.31,3.31,3.15,0.62,0.08,0.0,8.0,16.62,4.12,6.88,0.62,0.0,0.0,13.0,15.46,3.85,4.38,0.54,0.08,0.0,9.0,18.44,3.67,4.67,1.11,0.22,0.0,14.0,20.43,3.5,6.0,0.71,0.21,0.0
Lester Quinones,2023-24,7.0,4.0,1.43,0.71,0.14,0.0,0.0,8.0,6.5,2.5,1.88,0.25,0.12,0.0,5.0,3.0,2.0,0.4,0.2,0.0,0.0,6.0,4.83,2.5,1.33,0.0,0.17,0.0,6.0,3.5,1.5,0.5,0.0,0.0,0.0,5.0,3.8,1.6,0.6,0.4,0.0,0.0
Julius Randle,2023-24,8.0,19.75,8.38,4.0,0.75,0.0,0.0,9.0,22.89,9.56,4.11,0.67,0.44,0.0,7.0,25.29,10.14,5.29,1.0,0.14,0.0,8.0,25.88,9.0,6.5,0.38,0.12,0.0,6.0,25.33,9.0,5.33,0.17,0.5,0.0,8.0,25.25,9.12,4.88,0.25,0.38,0.0
Duop Reath,2023-24,12.0,9.5,3.75,0.75,0.42,0.67,0.0,14.0,9.21,3.07,0.79,0.64,0.71,0.0,11.0,7.73,3.45,0.64,0.45,0.45,0.0,10.0,8.9,3.8,1.3,0.6,0.2,0.0,10.0,10.5,4.4,0.9,0.4,0.5,0.0,11.0,8.64,3.82,1.64,0.36,0.73,0.0
Austin Reaves,2023-24,14.0,16.29,5.07,6.57,0.79,0.07,0.0,14.0,18.14,4.64,5.29,0.86,0.36,0.0,13.0,15.08,4.31,5.77,0.69,0.23,0.0,12.0,16.92,4.33,5.42,1.0,0.67,0.0,15.0,15.47,4.27,4.73,0.73,0.33,0.0,14.0,13.36,3.14,5.21,0.79,0.21,0.0
Cam Reddish,2023-24,10.0,3.7,0.9,0.4,0.2,0.1,0.0,7.0,3.71,1.86,1.14,0.29,0.14,0.0,7.0,7.86,2.14,1.14,2.43,0.29,0.0,7.0,4.71,2.57,0.71,0.57,0.86,0.0,10.0,6.3,2.9,1.0,0.9,0.2,0.0,7.0,6.57,2.14,1.86,1.86,0.29,0.0
Paul Reed,2023-24,12.0,9.5,7.25,1.5,0.67,1.33,0.0,13.0,8.23,5.92,1.38,1.23,1.38,0.0,16.0,5.69,5.44,0.81,0.5,1.0,0.0,15.0,8.2,6.33,1.27,1.13,1.07,0.0,13.0,6.92,6.46,1.31,0.62,0.77,0.0,13.0,5.77,4.46,1.85,0.77,0.62,0.0
Naz Reid,2023-24,11.0,15.91,5.18,1.09,1.27,0.82,0.0,13.0,14.92,5.85,1.54,0.85,1.0,0.0,13.0,12.0,4.46,1.46,0.62,0.69,0.0,12.0,12.67,5.25,1.5,0.5,0.25,0.0,16.0,13.81,5.62,1.19,0.81,1.31,0.0,16.0,12.0,4.94,1.12,0.69,1.12,0.0
Jared Rhoden,2023-24,4.0,4.25,2.0,0.25,0.25,0.5,0.0,4.0,3.5,1.0,1.25,0.25,0.5,0.0,1.0,8.0,4.0,1.0,0.0,1.0,0.0,2.0,7.0,3.0,1.5,0.0,1.5,0.0,2.0,2.5,1.5,0.0,0.0,1.0,0.0,4.0,6.25,2.0,1.0,0.25,0.75,0.0
Nick Richards,2023-24,11.0,10.27,7.91,0.82,0.36,1.09,0.0,11.0,10.27,8.18,0.73,0.45,1.45,0.0,13.0,8.85,6.77,0.92,0.23,0.85,0.0,12.0,8.75,9.0,1.08,0.25,0.75,0.0,9.0,8.0,6.89,0.56,0.44,1.11,0.0,11.0,12.18,9.45,0.64,0.64,1.45,0.0
Josh Richardson,2023-24,6.0,11.5,2.17,3.17,0.33,0.17,0.0,3.0,7.33,1.33,3.0,0.67,0.33,0.0,10.0,12.6,3.0,1.9,0.4,0.3,0.0,10.0,8.3,2.7,2.1,0.7,0.5,0.0,8.0,8.25,2.62,2.12,0.75,0.12,0.0,6.0,9.83,4.33,3.33,0.5,0.5,0.0
Duncan Robinson,2023-24,10.0,9.6,2.8,2.2,0.6,0.2,0.0,11.0,11.09,2.45,2.45,0.82,0.27,0.0,11.0,15.82,2.18,2.82,0.64,0.18,0.0,14.0,14.43,3.5,3.79,0.57,0.07,0.0,11.0,12.09,1.82,2.64,0.64,0.09,0.0,11.0,13.45,2.27,2.73,0.82,0.64,0.0
Mitchell Robinson,2023-24,3.0,4.33,9.67,0.33,1.33,0.67,0.0,9.0,4.44,6.89,0.78,1.0,0.89,0.0,5.0,6.2,8.4,0.4,1.4,1.4,0.0,7.0,5.14,7.86,0.57,2.0,1.57,0.0,4.0,8.0,10.0,0.75,0.5,1.0,0.0,3.0,7.0,11.67,0.33,0.33,1.0,0.0
Orlando Robinson,2023-24,6.0,1.67,2.67,0.67,0.17,0.17,0.0,6.0,5.83,4.0,2.0,0.5,0.5,0.0,10.0,2.7,1.6,0.5,0.0,0.0,0.0,8.0,2.88,2.5,1.25,0.38,0.38,0.0,4.0,1.0,2.0,0.75,0.0,0.25,0.0,2.0,0.0,0.0,0.0,0.0,0.0,0.0
Jeremiah Robinson-Earl,2023-24,4.0,2.25,1.75,0.75,0.25,0.0,0.0,6.0,5.83,3.17,0.33,0.0,0.17,0.0,6.0,3.83,2.83,0.83,0.5,0.17,0.0,8.0,2.62,1.12,0.25,0.25,0.12,0.0,7.0,2.0,2.71,1.14,0.57,0.14,0.0,8.0,1.62,0.62,0.12,0.0,0.0,0.0
David Roddy,2023-24,13.0,6.62,2.92,1.08,0.31,0.0,0.0,10.0,6.7,2.0,1.0,0.2,0.2,0.0,8.0,7.75,5.12,1.88,0.62,0.12,0.0,11.0,7.0,3.55,1.45,0.27,0.27,0.0,8.0,4.62,2.0,0.5,0.25,0.25,0.0,15.0,6.4,3.8,1.4,0.73,0.2,0.0
Ryan Rollins,2023-24,2.0,3.5,0.5,1.5,2.0,0.0,0.0,3.0,6.67,2.33,2.0,0.67,0.67,0.0,3.0,1.33,0.0,0.0,0.0,0.0,0.0,4.0,2.5,1.25,1.0,0.5,0.25,0.0,0.0,0.0,0.0,0.0,0.0,0.0,0.0,1.0,3.0,0.0,1.0,2.0,0.0,0.0
Terry Rozier,2023-24,12.0,15.83,3.67,5.25,0.83,0.08,0.0,6.0,21.33,4.33,4.17,1.17,0.33,0.0,8.0,22.25,4.62,6.75,0.75,0.38,0.0,12.0,19.58,4.0,6.67,1.08,0.58,0.0,10.0,19.2,3.6,5.1,0.9,0.2,0.0,13.0,21.69,4.31,5.31,1.38,0.46,0.0
Rayan Rupert,2023-24,6.0,0.83,1.17,1.0,0.17,0.0,0.0,9.0,4.11,1.89,1.11,0.22,0.0,0.0,3.0,4.33,3.33,2.33,0.33,0.33,0.0,8.0,5.5,3.38,1.75,0.25,0.12,0.0,6.0,5.0,2.5,2.67,0.5,0.0,0.0,7.0,3.71,2.29,1.29,0.43,0.14,0.0
D'Angelo Russell,2023-24,11.0,20.0,3.73,6.64,0.45,0.27,0.0,14.0,16.86,4.29,8.21,1.21,0.64,0.0,12.0,20.17,2.33,5.67,0.5,0.42,0.0,12.0,14.33,2.5,5.92,0.25,0.33,0.0,15.0,17.87,2.93,5.33,1.6,0.47,0.0,12.0,19.25,2.75,6.25,1.17,0.67,0.0
Matt Ryan,2023-24,6.0,5.17,0.83,0.5,0.33,0.0,0.0,4.0,10.25,1.25,1.0,0.0,0.0,0.0,7.0,5.86,2.57,0.86,0.29,0.14,0.0,3.0,4.67,1.0,0.67,0.0,0.0,0.0,4.0,5.0,0.5,0.5,0.25,0.0,0.0,4.0,1.25,1.75,0.25,0.25,0.0,0.0
Domantas Sabonis,2023-24,13.0,17.23,12.62,8.38,0.85,0.54,0.0,14.0,17.64,14.57,8.86,0.79,0.86,0.0,11.0,18.27,15.64,7.27,1.0,0.36,0.0,11.0,20.0,12.36,7.36,0.82,0.36,0.0,17.0,22.0,13.24,8.82,1.12,0.59,0.0,16.0,20.44,13.69,8.06,0.81,0.69,0.0
Adama Sanogo,2023-24,0.0,0.0,0.0,0.0,0.0,0.0,0.0,1.0,8.0,6.0,0.0,0.0,0.0,0.0,3.0,0.0,0.67,0.0,0.0,0.0,0.0,2.0,0.0,0.5,0.0,0.0,0.0,0.0,1.0,2.0,1.0,0.0,0.0,0.0,0.0,2.0,13.0,13.0,0.0,0.5,0.0,0.0
Gui Santos,2023-24,4.0,3.25,1.25,0.75,0.25,0.0,0.0,5.0,3.8,2.8,0.8,0.4,0.0,0.0,2.0,1.5,1.5,0.0,0.0,0.0,0.0,3.0,6.0,3.33,1.33,0.0,0.0,0.0,6.0,2.67,1.83,0.5,0.0,0.0,0.0,3.0,4.33,2.0,0.0,0.33,0.67,0.0
Marcus Sasser,2023-24,13.0,7.15,1.69,2.85,0.31,0.0,0.0,13.0,7.62,2.08,2.85,0.69,0.15,0.0,11.0,8.36,2.0,2.55,0.45,0.18,0.0,14.0,9.57,1.64,3.29,0.79,0.07,0.0,10.0,6.9,1.4,4.2,0.9,0.4,0.0,10.0,9.9,1.7,4.6,0.6,0.3,0.0
Dennis Schröder,2023-24,15.0,13.8,3.53,6.47,0.8,0.07,0.0,13.0,12.08,2.38,5.46,0.77,0.08,0.0,13.0,14.15,3.46,6.77,0.62,0.38,0.0,20.0,14.25,2.75,5.0,1.05,0.3,0.0,8.0,13.0,3.25,7.38,0.62,0.0,0.0,11.0,16.82,2.91,6.64,0.64,0.36,0.0
Alperen Sengun,2023-24,10.0,21.2,9.4,5.4,0.6,0.8,0.0,11.0,20.18,8.82,4.18,1.45,0.91,0.0,9.0,20.22,11.0,7.0,1.22,0.44,0.0,9.0,18.11,8.11,4.67,0.78,0.67,0.0,13.0,23.92,9.15,4.69,1.85,0.69,0.0,11.0,21.91,9.73,4.18,1.09,0.82,0.0
Brice Sensabaugh,2023-24,7.0,6.43,3.57,2.14,0.14,0.0,0.0,4.0,11.25,2.0,1.5,1.0,0.25,0.0,6.0,7.33,3.5,1.0,0.17,0.0,0.0,6.0,7.67,3.5,1.83,0.67,0.83,0.0,6.0,6.83,2.67,2.0,0.33,0.0,0.0,3.0,6.67,3.67,1.67,0.33,0.0,0.0
Collin Sexton,2023-24,11.0,22.73,2.82,5.64,0.45,0.36,0.0,12.0,14.67,1.75,4.25,0.67,0.25,0.0,12.0,17.58,2.67,4.25,0.42,0.0,0.0,12.0,18.0,2.5,4.25,1.08,0.0,0.0,16.0,20.81,2.81,5.31,0.94,0.5,0.0,15.0,18.13,3.07,5.53,1.07,0.2,0.0
Landry Shamet,2023-24,9.0,9.0,1.78,1.67,0.78,0.0,0.0,8.0,3.62,1.0,0.75,0.25,0.0,0.0,8.0,5.62,0.75,1.25,0.12,0.38,0.0,9.0,8.56,0.89,1.0,1.0,0.22,0.0,5.0,10.8,1.2,1.0,0.8,0.6,0.0,7.0,5.86,2.57,1.29,0.29,0.29,0.0
Day'Ron Sharpe,2023-24,9.0,7.11,4.67,1.56,0.33,1.11,0.0,10.0,4.9,5.8,1.7,0.3,0.5,0.0,12.0,7.42,7.33,1.5,0.42,0.75,0.0,14.0,5.5,6.36,0.79,0.36,0.5,0.0,8.0,7.88,7.25,1.75,0.38,0.62,0.0,8.0,9.12,6.75,1.38,0.62,1.0,0.0
Shaedon Sharpe,2023-24,6.0,13.5,6.0,2.83,0.67,0.67,0.0,6.0,22.33,6.67,4.33,1.17,0.0,0.0,3.0,18.33,5.33,3.0,1.0,0.0,0.0,8.0,15.5,4.12,3.38,1.12,0.5,0.0,3.0,8.0,4.67,1.0,0.33,0.33,0.0,6.0,15.33,3.5,2.0,0.67,0.5,0.0
Ben Sheppard,2023-24,9.0,3.56,1.44,0.78,0.33,0.11,0.0,9.0,3.56,1.56,0.67,0.44,0.0,0.0,8.0,5.38,1.25,1.25,0.62,0.0,0.0,12.0,4.92,2.5,0.5,0.92,0.0,0.0,12.0,4.67,1.0,0.75,0.42,0.08,0.0,7.0,4.29,1.43,2.14,0.71,0.0,0.0
Pascal Siakam,2023-24,17.0,20.24,7.18,4.24,0.47,0.24,0.0,11.0,21.55,6.64,3.82,0.73,0.36,0.0,10.0,22.0,7.0,4.4,1.1,0.3,0.0,17.0,21.24,6.88,4.94,0.76,0.47,0.0,12.0,24.5,7.67,4.0,1.17,0.25,0.0,13.0,21.62,7.0,4.0,0.69,0.23,0.0
Ben Simmons,2023-24,5.0,5.4,8.0,6.8,0.4,0.4,0.0,4.0,3.0,8.5,3.5,0.75,0.5,0.0,1.0,9.0,9.0,7.0,1.0,0.0,0.0,4.0,7.75,8.25,6.5,0.75,0.75,0.0,1.0,13.0,3.0,5.0,3.0,2.0,0.0,0.0,0.0,0.0,0.0,0.0,0.0,0.0
Anfernee Simons,2023-24,9.0,18.67,2.67,5.56,0.44,0.11,0.0,8.0,23.0,4.0,6.38,0.5,0.12,0.0,9.0,21.0,4.78,5.22,0.78,0.11,0.0,6.0,19.83,3.33,4.5,0.33,0.17,0.0,7.0,27.57,3.43,5.14,0.71,0.0,0.0,7.0,26.57,3.43,6.29,0.14,0.14,0.0
Jericho Sims,2023-24,7.0,2.71,4.0,0.43,0.29,0.29,0.0,10.0,1.0,2.3,0.6,0.1,0.4,0.0,9.0,1.44,3.44,0.44,0.11,0.56,0.0,4.0,5.25,4.5,1.0,0.5,0.25,0.0,8.0,1.75,3.62,0.75,0.25,0.38,0.0,7.0,2.14,2.57,0.29,0.0,0.57,0.0
Marcus Smart,2023-24,3.0,13.0,2.33,4.67,2.33,0.33,0.0,2.0,14.0,2.5,5.5,2.5,0.0,0.0,3.0,13.67,3.67,4.33,2.33,0.0,0.0,3.0,20.67,3.0,3.33,1.67,0.0,0.0,2.0,11.0,1.0,3.0,1.0,0.0,0.0,7.0,13.86,2.71,4.57,2.14,0.57,0.0
Dru Smith,2023-24,0.0,0.0,0.0,0.0,0.0,0.0,0.0,4.0,4.0,1.75,2.0,1.25,0.5,0.0,0.0,0.0,0.0,0.0,0.0,0.0,0.0,3.0,3.0,1.0,0.67,1.33,0.33,0.0,1.0,2.0,0.0,1.0,0.0,0.0,0.0,1.0,12.0,4.0,3.0,0.0,0.0,0.0
Jalen Smith,2023-24,11.0,11.64,6.0,1.64,0.27,1.0,0.0,9.0,9.44,4.44,1.56,0.33,0.22,0.0,12.0,9.5,4.5,1.0,0.08,0.5,0.0,10.0,10.1,5.9,0.4,0.2,0.6,0.0,11.0,10.18,6.73,0.73,0.45,0.55,0.0,8.0,7.62,5.5,0.88,0.38,0.88,0.0
Jabari Smith Jr.,2023-24,12.0,16.17,8.33,1.83,0.92,0.83,0.0,14.0,10.5,7.0,1.71,0.36,0.57,0.0,12.0,18.5,6.75,1.42,0.08,1.25,0.0,11.0,12.64,9.0,1.45,0.91,0.82,0.0,13.0,10.46,8.85,1.69,0.85,0.46,0.0,14.0,14.71,8.79,1.43,1.0,0.93,0.0
Nick Smith Jr.,2023-24,8.0,4.88,0.88,1.0,0.12,0.12,0.0,8.0,8.88,2.5,1.5,0.12,0.12,0.0,9.0,5.33,1.22,1.0,0.44,0.0,0.0,9.0,5.89,0.33,0.56,0.11,0.33,0.0,8.0,4.88,1.62,1.0,0.25,0.0,0.0,9.0,5.78,2.0,1.89,0.11,0.22,0.0
Jeremy Sochan,2023-24,11.0,12.0,6.27,3.91,1.18,0.73,0.0,13.0,8.62,5.08,2.92,0.85,0.62,0.0,13.0,12.31,6.69,4.08,0.62,0.38,0.0,12.0,12.33,6.08,2.75,1.0,0.67,0.0,13.0,12.62,8.62,2.62,0.92,0.54,0.0,12.0,12.08,5.75,4.0,0.5,0.33,0.0
Pat Spencer,2023-24,4.0,1.0,1.0,1.0,0.0,0.0,0.0,0.0,0.0,0.0,0.0,0.0,0.0,0.0,0.0,0.0,0.0,0.0,0.0,0.0,0.0,0.0,0.0,0.0,0.0,0.0,0.0,0.0,1.0,0.0,0.0,1.0,0.0,0.0,0.0,1.0,0.0,0.0,0.0,0.0,0.0,0.0
Jaden Springer,2023-24,7.0,2.71,1.71,0.71,0.57,0.14,0.0,7.0,1.86,1.43,0.86,0.86,0.43,0.0,9.0,3.67,2.11,1.33,1.11,0.22,0.0,9.0,2.89,1.0,0.33,0.33,0.33,0.0,9.0,5.0,2.11,1.56,1.11,0.67,0.0,8.0,3.38,1.12,0.5,0.38,0.0,0.0
Lamar Stevens,2023-24,4.0,6.5,3.25,0.5,0.75,0.5,0.0,9.0,7.0,3.56,0.78,0.33,0.78,0.0,7.0,5.86,3.29,0.57,0.57,0.71,0.0,4.0,3.25,1.5,0.75,0.25,0.0,0.0,9.0,10.33,4.11,0.89,0.89,0.67,0.0,5.0,7.2,3.2,0.8,0.8,0.4,0.0
Isaiah Stewart,2023-24,12.0,11.5,7.42,2.42,0.42,1.5,0.0,6.0,9.17,7.17,1.33,0.33,0.83,0.0,7.0,11.43,5.29,0.71,0.57,0.71,0.0,8.0,9.88,6.88,1.12,0.25,0.5,0.0,9.0,10.22,6.11,1.33,0.22,0.11,0.0,4.0,14.75,6.5,2.5,0.5,1.25,0.0
Julian Strawther,2023-24,9.0,3.56,1.0,0.56,0.0,0.11,0.0,8.0,1.75,0.5,0.5,0.25,0.38,0.0,5.0,4.4,1.8,1.6,0.2,0.0,0.0,10.0,8.1,2.0,1.7,1.0,0.1,0.0,9.0,5.67,1.11,0.89,0.33,0.0,0.0,9.0,3.0,1.0,0.56,0.11,0.22,0.0
Max Strus,2023-24,9.0,11.22,4.22,3.22,0.78,0.56,0.0,11.0,13.0,5.55,3.64,1.36,0.18,0.0,15.0,13.13,5.53,5.2,0.67,0.53,0.0,13.0,13.15,3.54,4.62,1.0,0.46,0.0,11.0,11.0,3.91,2.73,1.18,0.27,0.0,11.0,10.91,6.09,4.18,0.55,0.45,0.0
Jalen Suggs,2023-24,14.0,12.43,2.57,2.43,1.21,0.57,0.0,13.0,10.77,2.77,1.54,0.85,0.54,0.0,12.0,15.0,2.92,3.75,1.83,0.83,0.0,11.0,12.36,3.0,3.0,1.55,0.36,0.0,12.0,14.08,3.58,3.25,1.25,0.58,0.0,13.0,11.08,3.54,2.62,1.85,0.85,0.0
Cole Swider,2023-24,3.0,1.0,0.33,0.0,0.0,0.0,0.0,3.0,3.0,1.0,0.33,0.0,0.0,0.0,3.0,0.0,0.0,0.33,0.0,0.0,0.0,4.0,1.25,0.25,0.5,0.0,0.0,0.0,1.0,14.0,2.0,0.0,0.0,0.0,0.0,4.0,2.75,0.0,0.25,0.25,0.25,0.0
Jae'Sean Tate,2023-24,13.0,4.0,4.31,1.23,0.85,0.54,0.0,10.0,3.8,3.0,0.8,0.5,0.0,0.0,11.0,3.27,2.64,1.27,0.73,0.0,0.0,9.0,3.56,2.56,0.56,0.44,0.11,0.0,11.0,6.91,2.36,1.09,0.64,0.36,0.0,11.0,2.82,3.0,0.82,0.64,0.27,0.0
Jayson Tatum,2023-24,12.0,28.0,8.17,4.75,0.83,1.0,0.0,12.0,22.67,7.67,5.0,1.25,0.42,0.0,14.0,25.93,7.43,4.64,0.57,0.43,0.0,15.0,29.53,9.07,4.8,1.47,0.67,0.0,10.0,26.1,7.6,5.6,1.2,0.5,0.0,11.0,28.36,8.64,4.91,0.73,0.45,0.0
Terry Taylor,2023-24,9.0,1.56,1.56,0.33,0.11,0.0,0.0,4.0,0.5,1.5,0.25,0.5,0.25,0.0,8.0,2.38,0.75,0.5,0.12,0.12,0.0,3.0,2.33,2.67,0.67,0.33,0.0,0.0,4.0,0.5,0.25,0.0,0.0,0.0,0.0,3.0,0.67,0.67,0.0,0.0,0.0,0.0
Garrett Temple,2023-24,5.0,1.4,0.8,0.0,0.2,0.0,0.0,7.0,3.86,1.29,1.29,0.14,0.14,0.0,3.0,5.0,2.33,1.0,0.67,0.0,0.0,4.0,1.75,1.25,0.75,0.0,0.0,0.0,4.0,5.25,2.0,1.75,1.25,0.25,0.0,4.0,2.75,3.0,1.5,0.75,0.25,0.0
Dalen Terry,2023-24,11.0,3.45,1.55,0.73,0.45,0.18,0.0,10.0,1.5,2.0,1.6,0.1,0.4,0.0,11.0,2.91,1.27,1.36,0.64,0.64,0.0,9.0,2.78,2.33,0.67,0.33,0.22,0.0,8.0,2.5,2.5,2.0,0.62,0.12,0.0,10.0,5.0,2.1,2.0,0.6,0.2,0.0
Daniel Theis,2023-24,14.0,6.64,3.29,0.57,0.29,1.29,0.0,7.0,7.0,5.86,2.14,0.57,0.71,0.0,8.0,6.0,3.38,0.62,0.38,0.5,0.0,7.0,6.0,4.71,1.14,0.0,0.29,0.0,12.0,6.0,4.25,1.08,0.5,1.08,0.0,12.0,6.0,3.83,1.0,0.33,0.75,0.0
Cam Thomas,2023-24,11.0,24.82,3.45,2.18,1.0,0.18,0.0,12.0,22.5,4.08,2.75,0.75,0.25,0.0,10.0,20.9,4.2,2.7,0.3,0.6,0.0,13.0,23.15,3.31,3.31,0.31,0.15,0.0,10.0,23.9,2.7,3.1,1.0,0.1,0.0,10.0,19.0,1.5,3.4,0.8,0.2,0.0
Amen Thompson,2023-24,9.0,7.89,6.67,2.33,1.11,0.22,0.0,8.0,12.25,8.38,2.62,1.88,0.38,0.0,10.0,9.1,5.9,2.4,1.7,0.2,0.0,10.0,10.0,6.6,4.0,0.9,0.8,0.0,12.0,8.08,6.42,2.17,1.0,0.83,0.0,13.0,10.38,6.15,2.38,1.15,1.0,0.0
Ausar Thompson,2023-24,11.0,9.64,7.18,1.45,1.09,1.0,0.0,11.0,5.27,6.18,2.0,0.45,0.91,0.0,10.0,9.5,5.2,1.5,1.4,0.8,0.0,13.0,7.92,7.77,2.85,1.15,0.92,0.0,10.0,9.8,5.4,1.4,1.3,1.1,0.0,8.0,12.0,6.0,2.0,1.12,0.88,0.0
Klay Thompson,2023-24,11.0,18.55,2.64,2.73,0.64,0.36,0.0,12.0,17.67,3.75,1.67,0.25,0.33,0.0,13.0,16.77,2.38,2.23,0.62,0.69,0.0,11.0,17.64,4.27,2.36,1.45,0.45,0.0,16.0,16.5,3.62,2.69,0.56,0.56,0.0,14.0,20.21,3.14,2.0,0.5,0.29,0.0
Tristan Thompson,2023-24,8.0,3.75,4.5,1.38,0.5,0.38,0.0,9.0,2.44,3.0,0.67,0.22,0.33,0.0,8.0,3.62,3.12,1.12,0.0,0.38,0.0,11.0,3.64,4.0,0.91,0.27,0.36,0.0,7.0,4.86,4.43,1.71,0.14,0.14,0.0,6.0,1.0,1.83,0.5,0.33,0.0,0.0
JT Thor,2023-24,10.0,2.2,1.5,0.1,0.1,0.3,0.0,10.0,3.5,2.7,0.8,0.3,0.9,0.0,10.0,3.6,2.5,0.3,0.1,0.4,0.0,12.0,3.33,2.33,0.25,0.0,0.25,0.0,11.0,2.91,2.36,0.73,0.27,0.45,0.0,10.0,3.4,2.5,0.6,0.3,0.3,0.0
Matisse Thybulle,2023-24,13.0,5.23,2.0,1.31,1.62,1.0,0.0,13.0,5.38,1.69,1.15,1.62,0.38,0.0,10.0,5.7,3.6,1.9,2.3,1.3,0.0,9.0,5.89,1.11,0.67,1.11,0.33,0.0,11.0,5.36,2.27,1.82,2.09,0.82,0.0,9.0,5.22,1.89,1.44,1.67,0.67,0.0
Xavier Tillman,2023-24,5.0,6.8,4.2,1.4,2.0,0.8,0.0,7.0,5.29,4.0,2.14,0.86,1.0,0.0,13.0,6.38,3.69,1.62,1.23,0.62,0.0,10.0,3.7,3.3,1.1,0.6,1.0,0.0,6.0,7.0,4.33,1.17,0.67,0.83,0.0,13.0,3.92,4.23,1.23,0.69,0.77,0.0
Jacob Toppin,2023-24,2.0,0.0,0.0,0.0,0.0,0.0,0.0,2.0,0.0,0.0,0.0,0.0,0.5,0.0,2.0,1.0,1.0,0.5,0.0,0.0,0.0,2.0,5.5,2.0,0.5,0.0,0.0,0.0,1.0,0.0,1.0,1.0,0.0,0.0,0.0,0.0,0.0,0.0,0.0,0.0,0.0,0.0
Obi Toppin,2023-24,14.0,8.64,2.86,1.14,0.43,0.43,0.0,16.0,12.62,3.81,1.62,0.62,0.56,0.0,14.0,7.79,4.14,1.64,0.57,0.57,0.0,14.0,11.43,4.21,1.71,0.64,0.71,0.0,13.0,12.46,4.92,2.08,0.77,0.54,0.0,11.0,8.09,3.45,1.09,0.36,0.27,0.0
Karl-Anthony Towns,2023-24,9.0,18.78,9.89,2.67,1.44,0.56,0.0,8.0,22.62,9.88,2.88,1.12,0.25,0.0,11.0,24.73,7.45,4.36,0.73,0.64,0.0,9.0,24.67,8.0,3.11,0.56,1.0,0.0,12.0,17.5,7.67,1.92,0.33,0.75,0.0,13.0,22.69,7.77,3.31,0.31,0.69,0.0
Gary Trent Jr.,2023-24,13.0,12.92,2.23,1.54,0.85,0.08,0.0,10.0,12.4,2.7,1.0,1.0,0.1,0.0,14.0,14.29,3.36,2.36,0.86,0.21,0.0,14.0,12.0,2.43,1.5,1.0,0.21,0.0,9.0,13.89,2.44,2.22,1.44,0.11,0.0,11.0,17.18,2.64,1.36,1.55,0.09,0.0
Oscar Tshiebwe,2023-24,1.0,2.0,0.0,0.0,0.0,0.0,0.0,3.0,4.33,3.67,0.33,0.67,0.0,0.0,0.0,0.0,0.0,0.0,0.0,0.0,0.0,2.0,3.0,1.5,0.0,0.0,0.0,0.0,0.0,0.0,0.0,0.0,0.0,0.0,0.0,2.0,2.5,1.0,0.5,0.0,0.5,0.0
P.J. Tucker,2023-24,7.0,1.86,2.43,1.0,0.71,0.14,0.0,4.0,1.5,3.75,0.0,0.5,0.0,0.0,4.0,0.75,1.75,0.0,0.5,0.0,0.0,3.0,1.67,1.67,0.0,0.33,0.0,0.0,6.0,2.17,2.17,0.67,0.5,0.33,0.0,7.0,1.71,4.0,0.71,0.43,0.57,0.0
Myles Turner,2023-24,13.0,17.92,7.54,1.31,0.46,1.46,0.0,16.0,16.06,6.69,1.12,0.5,1.81,0.0,12.0,22.08,7.75,1.33,0.42,1.75,0.0,13.0,16.54,6.0,1.31,0.54,1.62,0.0,13.0,13.62,7.54,1.31,0.85,2.08,0.0,10.0,16.6,5.9,1.5,0.2,2.7,0.0
Hunter Tyson,2023-24,5.0,2.6,0.2,0.2,0.2,0.0,0.0,4.0,0.5,0.25,0.25,0.0,0.0,0.0,3.0,1.67,1.0,0.0,0.0,0.0,0.0,1.0,0.0,1.0,0.0,0.0,0.0,0.0,4.0,0.0,0.5,0.0,0.0,0.0,0.0,1.0,0.0,1.0,0.0,0.0,0.0,0.0
Stanley Umude,2023-24,5.0,9.0,2.0,0.8,0.2,0.2,0.0,3.0,7.33,4.0,0.33,0.33,0.67,0.0,5.0,3.8,2.4,0.0,0.6,0.2,0.0,4.0,4.75,1.75,1.0,0.25,0.75,0.0,4.0,2.0,2.0,0.5,0.25,0.0,0.0,3.0,4.67,0.67,0.0,0.33,0.0,0.0
Jonas Valančiūnas,2023-24,13.0,14.62,9.15,2.0,0.46,1.0,0.0,15.0,10.47,8.4,2.13,0.4,0.53,0.0,13.0,10.08,8.92,1.85,0.23,0.92,0.0,14.0,11.21,8.57,1.93,0.29,0.71,0.0,14.0,13.57,8.64,2.57,0.5,0.64,0.0,13.0,13.62,9.15,2.15,0.46,1.23,0.0
Fred VanVleet,2023-24,13.0,16.92,3.77,8.0,1.62,0.62,0.0,12.0,20.25,4.08,7.17,1.67,1.58,0.0,11.0,17.73,3.82,8.64,0.73,0.64,0.0,8.0,18.38,3.75,9.12,1.12,1.38,0.0,15.0,16.33,3.73,7.47,1.73,0.53,0.0,14.0,15.71,3.71,8.5,1.21,0.43,0.0
Jarred Vanderbilt,2023-24,3.0,3.33,4.33,0.33,0.67,0.0,0.0,5.0,7.4,5.8,1.8,2.0,0.0,0.0,6.0,6.0,5.0,1.67,1.17,0.17,0.0,3.0,8.67,4.33,1.67,1.67,0.33,0.0,7.0,4.29,5.29,1.43,1.14,0.14,0.0,5.0,2.2,3.2,0.2,0.8,0.4,0.0
Devin Vassell,2023-24,10.0,22.9,4.1,3.1,1.2,0.2,0.0,12.0,21.33,3.58,3.83,1.08,0.42,0.0,10.0,17.9,4.3,4.2,1.3,0.1,0.0,11.0,17.91,3.09,4.73,0.91,0.18,0.0,13.0,20.15,3.85,4.69,0.62,0.46,0.0,12.0,16.67,4.17,3.75,1.42,0.58,0.0
Gabe Vincent,2023-24,2.0,0.0,0.5,1.5,1.0,0.0,0.0,2.0,5.5,1.0,1.5,0.5,0.0,0.0,1.0,9.0,0.0,2.0,1.0,0.0,0.0,2.0,2.5,0.5,2.5,0.5,0.0,0.0,1.0,7.0,3.0,6.0,3.0,0.0,0.0,3.0,0.67,0.67,0.67,0.33,0.0,0.0
Tristan Vukcevic,2023-24,2.0,8.5,4.5,2.5,0.5,0.0,0.0,0.0,0.0,0.0,0.0,0.0,0.0,0.0,2.0,9.5,1.0,0.5,0.5,0.5,0.0,2.0,8.5,6.0,2.0,0.0,1.5,0.0,4.0,8.0,3.25,0.75,0.75,0.75,0.0,0.0,0.0,0.0,0.0,0.0,0.0,0.0
Nikola Vučević,2023-24,13.0,18.77,9.54,3.31,0.54,1.0,0.0,13.0,19.0,9.77,4.0,0.69,0.54,0.0,13.0,16.0,9.77,3.15,0.31,0.62,0.0,13.0,19.38,12.38,3.15,1.0,0.46,0.0,12.0,17.42,10.42,2.75,0.92,1.17,0.0,12.0,17.5,11.42,3.67,0.5,1.0,0.0
Dean Wade,2023-24,7.0,5.71,5.86,1.14,1.29,0.14,0.0,9.0,5.22,5.11,0.67,0.89,0.67,0.0,10.0,5.7,3.9,1.6,0.4,0.4,0.0,12.0,5.92,3.75,0.25,0.83,0.17,0.0,9.0,6.11,3.33,0.67,0.67,0.56,0.0,7.0,3.0,2.43,0.57,0.43,1.0,0.0
Franz Wagner,2023-24,12.0,19.0,4.83,3.83,1.0,0.5,0.0,11.0,18.36,5.55,4.82,1.82,0.27,0.0,13.0,19.46,4.62,3.31,1.46,0.31,0.0,12.0,16.58,5.25,2.33,1.0,0.08,0.0,13.0,21.54,5.62,3.85,0.54,0.54,0.0,11.0,23.55,6.0,4.45,0.55,0.64,0.0
Moritz Wagner,2023-24,14.0,11.5,3.71,1.29,0.57,0.0,0.0,14.0,12.07,4.5,1.07,0.71,0.43,0.0,14.0,10.86,5.5,1.07,0.5,0.29,0.0,12.0,8.58,3.17,1.42,0.42,0.25,0.0,13.0,10.15,4.31,0.92,0.38,0.31,0.0,13.0,11.62,4.69,1.46,0.31,0.31,0.0
Jabari Walker,2023-24,14.0,8.71,6.93,0.79,0.86,0.36,0.0,15.0,9.47,8.33,0.93,0.93,0.33,0.0,9.0,9.78,5.44,1.0,0.33,0.22,0.0,10.0,6.5,6.7,1.8,0.2,0.2,0.0,13.0,9.85,7.15,0.92,0.54,0.38,0.0,11.0,8.45,7.0,0.64,0.36,0.27,0.0
Jarace Walker,2023-24,3.0,2.67,1.67,0.67,0.33,0.0,0.0,5.0,4.8,1.6,2.4,1.2,0.8,0.0,8.0,4.12,1.75,0.5,0.25,0.25,0.0,7.0,3.29,1.0,1.57,0.14,0.0,0.0,5.0,1.2,1.6,0.8,0.2,0.2,0.0,5.0,5.2,4.2,1.4,0.8,0.8,0.0
Lonnie Walker IV,2023-24,11.0,12.45,2.36,1.45,0.55,0.36,0.0,11.0,12.55,3.36,2.27,0.64,0.55,0.0,10.0,9.3,1.4,0.5,0.7,0.3,0.0,13.0,9.0,2.31,1.08,0.38,0.46,0.0,9.0,3.44,1.22,1.0,0.67,0.0,0.0,4.0,12.25,2.25,1.25,0.25,0.25,0.0
Cason Wallace,2023-24,15.0,7.67,1.87,1.67,0.67,0.53,0.0,14.0,6.57,1.93,1.5,1.0,0.21,0.0,13.0,5.69,1.92,1.46,1.0,0.54,0.0,12.0,9.33,2.42,1.33,0.83,0.42,0.0,13.0,6.46,3.62,1.77,0.54,0.46,0.0,15.0,5.6,2.07,1.07,1.47,0.53,0.0
Jordan Walsh,2023-24,1.0,2.0,1.0,1.0,1.0,0.0,0.0,1.0,0.0,1.0,1.0,0.0,0.0,0.0,2.0,4.0,2.0,0.0,0.5,0.0,0.0,0.0,0.0,0.0,0.0,0.0,0.0,0.0,4.0,0.75,3.5,0.75,0.75,0.25,0.0,1.0,2.0,0.0,0.0,0.0,0.0,0.0
P.J. Washington,2023-24,14.0,16.5,5.57,1.93,1.36,1.0,0.0,9.0,11.0,4.78,1.11,1.33,0.56,0.0,9.0,16.44,5.67,2.0,0.78,0.78,0.0,17.0,11.06,5.65,2.29,0.94,0.88,0.0,12.0,12.5,6.33,1.83,0.58,0.83,0.0,12.0,10.25,5.58,2.08,0.92,0.67,0.0
TyTy Washington Jr.,2023-24,4.0,0.75,0.5,0.0,0.25,0.0,0.0,0.0,0.0,0.0,0.0,0.0,0.0,0.0,4.0,0.75,0.25,0.25,0.0,0.0,0.0,2.0,3.0,0.5,1.0,0.5,0.0,0.0,0.0,0.0,0.0,0.0,0.0,0.0,0.0,1.0,2.0,1.0,2.0,1.0,0.0,0.0
Lindy Waters III,2023-24,5.0,3.0,0.6,0.8,0.0,0.2,0.0,7.0,2.14,0.57,0.29,0.0,0.14,0.0,6.0,3.5,1.17,0.67,0.0,0.33,0.0,8.0,5.0,1.62,0.88,0.5,0.12,0.0,6.0,4.83,0.83,0.5,0.0,0.17,0.0,6.0,2.83,1.33,0.67,0.17,0.17,0.0
Trendon Watford,2023-24,8.0,6.38,3.25,1.62,0.5,0.62,0.0,13.0,7.23,3.38,1.92,0.23,0.38,0.0,13.0,6.15,3.23,1.46,0.46,0.31,0.0,12.0,9.92,4.17,0.75,0.42,0.25,0.0,9.0,4.44,1.89,0.89,0.11,0.11,0.0,8.0,6.0,1.88,0.88,0.5,0.12,0.0
Peyton Watson,2023-24,13.0,7.08,3.23,1.38,0.54,1.23,0.0,12.0,6.75,3.08,1.0,0.17,0.67,0.0,12.0,5.33,3.17,0.92,0.58,1.0,0.0,13.0,4.54,2.38,0.85,0.85,1.15,0.0,15.0,9.67,4.2,1.4,0.73,1.4,0.0,15.0,6.07,3.13,0.87,0.27,1.07,0.0
Victor Wembanyama,2023-24,14.0,24.64,11.29,4.14,1.36,3.43,0.0,13.0,21.31,9.62,3.38,1.08,3.85,0.0,12.0,22.08,11.25,3.25,1.25,3.25,0.0,9.0,17.56,8.78,3.0,1.67,3.67,0.0,12.0,21.08,12.08,4.58,1.5,3.5,0.0,11.0,20.36,10.27,4.64,0.64,3.82,0.0
Blake Wesley,2023-24,11.0,2.18,1.27,2.64,0.0,0.09,0.0,11.0,4.18,1.73,3.36,0.45,0.18,0.0,7.0,3.43,2.0,1.71,0.57,0.14,0.0,12.0,5.92,1.08,2.67,0.5,0.17,0.0,11.0,6.36,2.36,3.36,1.0,0.27,0.0,9.0,3.67,0.89,2.11,0.33,0.0,0.0
Russell Westbrook,2023-24,13.0,10.62,5.62,3.46,0.85,0.62,0.0,12.0,9.25,4.92,4.0,0.75,0.25,0.0,8.0,11.5,5.75,4.88,1.12,0.25,0.0,10.0,12.9,4.4,3.9,1.4,0.4,0.0,13.0,11.0,3.77,4.31,0.92,0.31,0.0,12.0,11.75,6.0,6.58,1.58,0.17,0.0
Coby White,2023-24,14.0,20.07,4.5,6.14,0.57,0.29,0.0,14.0,21.21,5.0,5.14,0.93,0.36,0.0,14.0,15.64,4.5,3.86,0.5,0.0,0.0,14.0,20.29,4.07,5.29,0.79,0.14,0.0,10.0,19.2,4.9,5.4,0.6,0.4,0.0,13.0,18.15,4.31,5.0,0.62,0.23,0.0
Derrick White,2023-24,12.0,16.17,4.83,4.92,1.17,1.25,0.0,11.0,13.82,4.27,4.18,0.64,1.45,0.0,14.0,14.0,3.71,5.5,1.43,1.29,0.0,15.0,16.8,4.27,4.4,0.87,1.13,0.0,11.0,14.73,3.91,5.91,1.18,0.91,0.0,10.0,15.1,4.6,6.4,0.7,1.1,0.0
Dariq Whitehead,2023-24,2.0,1.5,2.0,1.5,0.0,0.5,0.0,0.0,0.0,0.0,0.0,0.0,0.0,0.0,0.0,0.0,0.0,0.0,0.0,0.0,0.0,0.0,0.0,0.0,0.0,0.0,0.0,0.0,0.0,0.0,0.0,0.0,0.0,0.0,0.0,0.0,0.0,0.0,0.0,0.0,0.0,0.0
Cam Whitmore,2023-24,6.0,12.33,3.67,0.33,0.67,0.67,0.0,7.0,14.43,4.0,0.86,0.71,0.43,0.0,7.0,11.14,2.71,0.57,1.14,0.0,0.0,9.0,12.0,4.11,1.11,0.33,0.33,0.0,9.0,14.11,3.44,0.33,0.56,0.22,0.0,9.0,10.11,4.78,0.89,0.56,0.56,0.0
Aaron Wiggins,2023-24,15.0,6.33,2.27,1.13,0.6,0.2,0.0,14.0,5.79,2.07,1.29,0.36,0.29,0.0,13.0,7.54,2.77,1.23,0.54,0.23,0.0,11.0,7.0,2.09,1.27,1.36,0.27,0.0,12.0,7.33,2.75,1.08,0.42,0.17,0.0,13.0,7.92,2.38,0.62,1.15,0.31,0.0
Andrew Wiggins,2023-24,11.0,12.45,4.82,2.36,0.91,0.45,0.0,11.0,14.73,4.91,0.82,0.45,0.73,0.0,12.0,11.67,3.92,1.75,0.92,0.5,0.0,9.0,15.44,5.56,3.22,0.56,1.0,0.0,14.0,13.5,3.79,1.5,0.57,0.29,0.0,14.0,12.29,4.57,0.93,0.21,0.64,0.0
Alondes Williams,2023-24,1.0,3.0,0.0,0.0,0.0,0.0,0.0,1.0,0.0,1.0,0.0,0.0,0.0,0.0,3.0,0.67,0.0,0.0,0.0,0.33,0.0,1.0,0.0,0.0,0.0,0.0,0.0,0.0,0.0,0.0,0.0,0.0,0.0,0.0,0.0,1.0,0.0,0.0,0.0,0.0,0.0,0.0
Brandon Williams,2023-24,1.0,0.0,1.0,1.0,0.0,0.0,0.0,4.0,2.75,0.25,1.5,0.0,0.0,0.0,1.0,0.0,0.0,0.0,0.0,0.0,0.0,2.0,1.5,0.0,0.5,0.0,0.0,0.0,7.0,1.86,0.71,0.57,0.14,0.14,0.0,2.0,13.5,3.0,2.5,0.0,0.0,0.0
Grant Williams,2023-24,12.0,10.08,5.17,1.83,0.5,0.42,0.0,16.0,11.38,3.88,1.56,0.69,0.62,0.0,15.0,13.4,4.73,2.87,0.4,0.4,0.0,7.0,10.43,5.29,2.86,0.29,0.29,0.0,13.0,8.69,3.38,2.92,0.77,0.23,0.0,13.0,7.23,3.23,2.0,0.69,1.0,0.0
Jalen Williams,2023-24,13.0,16.38,2.85,3.69,1.08,0.77,0.0,12.0,19.17,4.75,5.25,1.33,0.5,0.0,9.0,20.33,3.89,4.56,0.67,0.89,0.0,10.0,19.9,3.5,4.9,1.4,0.5,0.0,13.0,18.31,5.0,4.46,0.92,1.0,0.0,14.0,20.86,3.79,4.5,1.29,0.21,0.0
Jaylin Williams,2023-24,14.0,4.86,3.07,1.29,0.43,0.57,0.0,13.0,3.23,3.31,2.54,0.46,0.38,0.0,11.0,3.18,3.18,1.27,0.18,0.18,0.0,9.0,5.0,3.33,1.56,0.44,0.22,0.0,11.0,4.55,4.0,2.0,0.64,0.73,0.0,11.0,3.27,3.55,0.82,0.27,0.18,0.0
Kenrich Williams,2023-24,10.0,4.7,3.4,1.4,0.7,0.0,0.0,13.0,4.54,3.15,1.0,0.69,0.08,0.0,12.0,5.33,3.42,1.58,0.42,0.08,0.0,9.0,6.0,3.44,1.56,0.56,0.33,0.0,11.0,5.09,3.0,1.64,0.45,0.09,0.0,14.0,3.21,2.07,1.07,0.5,0.21,0.0
Mark Williams,2023-24,4.0,12.75,11.25,1.0,0.75,0.75,0.0,0.0,0.0,0.0,0.0,0.0,0.0,0.0,3.0,8.0,8.67,2.0,1.33,1.33,0.0,5.0,16.0,7.8,1.0,1.2,0.6,0.0,4.0,11.25,8.0,0.5,0.0,1.25,0.0,3.0,14.0,14.0,1.67,1.0,1.67,0.0
Nate Williams,2023-24,6.0,2.83,1.67,0.0,0.17,0.0,0.0,4.0,2.25,0.75,1.0,0.25,0.0,0.0,3.0,0.67,0.33,0.33,0.0,0.0,0.0,3.0,8.33,1.67,0.0,0.33,0.33,0.0,3.0,2.33,0.33,0.33,0.33,0.0,0.0,3.0,1.0,1.0,0.33,0.0,0.0,0.0
Patrick Williams,2023-24,9.0,10.0,3.0,1.56,0.67,0.78,0.0,8.0,12.38,4.5,2.0,0.75,1.25,0.0,6.0,8.0,4.83,1.33,1.5,0.67,0.0,6.0,7.67,3.5,0.83,0.83,0.5,0.0,8.0,9.62,2.88,1.62,1.38,0.75,0.0,6.0,11.5,5.0,1.67,0.5,0.5,0.0
Ziaire Williams,2023-24,8.0,10.0,4.38,1.5,1.0,0.0,0.0,5.0,6.6,4.2,1.2,0.8,0.6,0.0,9.0,10.78,3.67,1.67,1.0,0.22,0.0,8.0,5.38,2.0,1.5,0.5,0.0,0.0,8.0,4.75,2.88,0.88,0.5,0.0,0.0,13.0,9.92,4.0,1.77,0.54,0.31,0.0
Robert Williams III,2023-24,2.0,6.5,6.5,0.0,1.0,0.5,0.0,1.0,6.0,7.0,2.0,2.0,2.0,0.0,1.0,6.0,3.0,2.0,0.0,0.0,0.0,1.0,10.0,7.0,0.0,3.0,1.0,0.0,0.0,0.0,0.0,0.0,0.0,0.0,0.0,1.0,6.0,8.0,1.0,0.0,3.0,0.0
Vince Williams Jr.,2023-24,8.0,10.88,5.5,2.62,0.88,0.62,0.0,6.0,13.33,6.33,4.83,1.33,1.0,0.0,10.0,8.2,5.7,4.0,0.9,0.5,0.0,9.0,12.89,6.11,3.56,1.22,0.44,0.0,8.0,10.12,5.25,4.25,0.88,1.0,0.0,11.0,6.82,4.91,1.73,0.45,0.55,0.0
Zion Williamson,2023-24,12.0,24.75,6.75,4.58,0.83,0.42,0.0,12.0,21.75,5.58,4.75,1.42,0.67,0.0,13.0,19.54,4.69,5.15,1.23,0.54,0.0,12.0,23.25,5.42,5.25,1.17,0.83,0.0,11.0,23.64,5.09,6.0,1.0,0.64,0.0,10.0,25.0,7.6,4.4,0.9,1.0,0.0
Jalen Wilson,2023-24,6.0,7.83,4.67,1.67,0.17,0.0,0.0,10.0,4.1,2.4,0.8,0.1,0.3,0.0,8.0,5.12,4.12,1.5,0.38,0.12,0.0,10.0,4.5,2.5,0.9,0.3,0.0,0.0,5.0,5.6,3.2,0.8,0.2,0.0,0.0,4.0,3.0,1.25,0.5,0.5,0.0,0.0
James Wiseman,2023-24,12.0,5.83,4.83,0.58,0.08,0.42,0.0,12.0,8.42,5.5,1.08,0.17,0.5,0.0,12.0,6.5,5.67,1.17,0.08,1.08,0.0,12.0,7.5,5.42,1.0,0.25,0.67,0.0,7.0,6.29,4.29,0.57,0.14,0.14,0.0,8.0,7.88,6.12,0.5,0.5,0.75,0.0
Isaiah Wong,2023-24,0.0,0.0,0.0,0.0,0.0,0.0,0.0,0.0,0.0,0.0,0.0,0.0,0.0,0.0,0.0,0.0,0.0,0.0,0.0,0.0,0.0,0.0,0.0,0.0,0.0,0.0,0.0,0.0,1.0,2.0,0.0,0.0,0.0,0.0,0.0,0.0,0.0,0.0,0.0,0.0,0.0,0.0
Delon Wright,2023-24,10.0,3.3,1.9,2.2,0.6,0.4,0.0,8.0,1.75,1.25,1.62,1.0,0.12,0.0,7.0,5.43,2.0,3.0,1.14,0.14,0.0,9.0,7.44,2.44,3.67,1.56,0.22,0.0,7.0,4.86,1.57,2.57,1.43,0.29,0.0,6.0,4.0,1.67,2.0,1.33,0.17,0.0
Trae Young,2023-24,8.0,25.0,1.62,9.5,0.88,0.25,0.0,9.0,26.56,2.56,10.22,1.0,0.11,0.0,12.0,21.25,2.42,10.92,1.92,0.0,0.0,9.0,25.11,3.0,10.78,1.0,0.22,0.0,10.0,28.4,3.1,11.3,1.4,0.6,0.0,6.0,30.83,4.33,12.33,1.67,0.0,0.0
Ivica Zubac,2023-24,16.0,12.19,9.94,1.06,0.38,1.19,0.0,11.0,9.36,8.27,1.45,0.27,1.0,0.0,10.0,11.6,10.0,1.8,0.3,0.7,0.0,9.0,13.11,9.78,1.67,0.33,1.67,0.0,8.0,14.25,7.38,1.12,0.12,1.62,0.0,14.0,10.57,9.21,1.29,0.43,1.29,0.0
Dario Šarić,2023-24,11.0,8.09,4.64,2.27,0.36,0.27,0.0,9.0,7.0,4.67,2.0,0.22,0.11,0.0,9.0,7.78,4.44,3.11,0.56,0.11,0.0,9.0,5.67,3.44,2.56,0.44,0.0,0.0,15.0,9.4,4.33,1.87,0.6,0.2,0.0,11.0,9.18,4.91,2.0,0.64,0.18,0.0
